id,indicator_code,indicator_name,long_definition,unit_of_measure,source_id,category_id
1,1.1_TOTAL.FINAL.ENERGY.CONSUM,"Total final energy consumption (TFEC)","Total final energy consumption (TFEC): This indicator is derived form energy balances statistics and is equivalent to total final consumption excluding non-energy use.",,35,3
2,110000,"110000:INDIVIDUAL CONSUMPTION EXPENDITURE BY HOUSEHOLDS",,,71,3
3,111300,"111300:BALANCE OF EXPENDITURES OF RESIDENTS ABROAD AND EXPENDITURES OF NON-RESIDENTS IN THE ECONOMIC TERRITORY",,,71,3
4,130000,"130000:INDIVIDUAL CONSUMPTION EXPENDITURE BY GOVERNMENT",,,71,3
5,1300000,"1300000:INDIVIDUAL CONSUMPTION EXPENDITURE BY GOVERNMENT",,,78,3
6,140000,"140000:COLLECTIVE CONSUMPTION EXPENDITURE BY GOVERNMENT",,,71,3
7,1400000,"1400000:COLLECTIVE CONSUMPTION EXPENDITURE BY GOVERNMENT",,,78,3
8,1600000,"1600000:BALANCE OF EXPORTS AND IMPORTS",,,78,3
9,170000,"170000:BALANCE OF EXPORTS AND IMPORTS",,,71,3
10,2.1_SHARE.TOTAL.RE.IN.TFEC,"Renewable energy consumption(% in TFEC)","Renewable energy consumption(% in TFEC): Share of renewables energy in total final energy consumption",,35,3
11,3.0.Gini_nozero,"Gini Coefficient (No Zero Income)","The Gini coefficient is most common measure of inequality. It is based on the Lorenz curve, a cumulative frequency curve that compares the distribution of a specific variable (in this case, income) with the uniform distribution that represents equality. The Gini coefficient is bounded by 0 (indicating perfect equality of income) and 1, which means complete inequality. This calculation does not includes observations of 0 income.",,37,11
12,3.0.IncShr.q1,"Income Share of First Quintile","Share of household income held by the bottom quintile (0-20 percent).",,37,11
13,3.0.IncShr.q2,"Income Share of Second Quintile","Share of household income held by the seocnd quintile (20 - 40 percent).",,37,11
14,3.0.IncShr.q3,"Income Share of Third Quintile","Share of household income held by the third quintile (40 - 60 percent).",,37,11
15,3.0.IncShr.q4,"Income Share of Fourth Quintile","Share of household income held by the fourth quintile (60 - 80 percent).",,37,11
16,3.0.IncShr.q5,"Income Share of Fifth Quintile","Share of household income held by the top quintile (80 - 100 percent).",,37,11
17,3.1_RE.CONSUMPTION,"Renewable energy consumption (TJ)","Renewable energy consumption (TJ): This indicator includes renewable energy consumption of all technologies: hydro, modern and traditional biomass, wind, solar, liquid biofuels, biogas, geothermal, marine and waste",,35,3
18,5.0.AMeanIncGr.All,"Annualized Mean Income Growth (2004-2014)","The official indicator to monitor shared prosperity is the growth in real per capita income (or consumption) of the bottom 40 percent of the income (or consumption) distribution in a country.",,37,3
19,5.0.AMeanIncGr.B40,"Annualized Mean Income Growth Bottom 40 Percent (2004-2014)","The indicator to monitor shared prosperity is the growth in real per capita income (or consumption) of the bottom 40 percent of the income (or consumption) distribution in a country.",,37,3
20,5.1.AMeanIncGr.All,"Annualized Mean Income Growth (2004-2009)","The indicator to monitor shared prosperity is the growth in real per capita income (or consumption) of the bottom 40 percent of the income (or consumption) distribution in a country.",,37,3
21,5.1.AMeanIncGr.B40,"Annualized Mean Income Growth Bottom 40 Percent (2004-2009)","The indicator to monitor shared prosperity is the growth in real per capita income (or consumption) of the bottom 40 percent of the income (or consumption) distribution in a country.",,37,3
22,5.2.AMeanIncGr.All,"Annualized Mean Income Growth (2009-2014)","The indicator to monitor shared prosperity is the growth in real per capita income (or consumption) of the bottom 40 percent of the income (or consumption) distribution in a country.",,37,3
23,5.2.AMeanIncGr.B40,"Annualized Mean Income Growth Bottom 40 Percent (2009-2014)","The indicator to monitor shared prosperity is the growth in real per capita income (or consumption) of the bottom 40 percent of the income (or consumption) distribution in a country.",,37,3
24,6.0.Conspc,"Consumption per capita (2011 $)","Consumption per capita is the market value of all goods and services, including durable products and payments and fees to governments to obtain permits and licenses, purchased by households. It excludes purchases of dwellings but includes imputed rent for owner-occupied dwellings. It also includes the expenditures of nonprofit institutions serving households, even when reported separately by the country.",,37,3
25,6.0.GDP_current,"GDP (current $)","GDP is the sum of gross value added by all resident producers in the economy plus any product taxes and minus any subsidies not included in the value of the products. It is calculated without making deductions for depreciation of fabricated assets or for depletion and degradation of natural resources. Data are in current U.S. dollars. Dollar figures for GDP are converted from domestic currencies using single year official exchange rates. For a few countries where the official exchange rate does not reflect the rate effectively applied to actual foreign exchange transactions, an alternative conversion factor is used. ",,37,3
26,6.0.GDP_growth,"GDP growth (annual %)","Annual percentage growth rate of GDP at market prices based on constant local currency. Aggregates are based on constant 2011 U.S. dollars. GDP is the sum of gross value added by all resident producers in the economy plus any product taxes and minus any subsidies not included in the value of the products. It is calculated without making deductions for depreciation of fabricated assets or for depletion and degradation of natural resources.",,37,3
27,6.0.GDP_usd,"GDP (constant 2005 $)","GDP is the sum of gross value added by all resident producers in the economy plus any product taxes and minus any subsidies not included in the value of the products. It is calculated without making deductions for depreciation of fabricated assets or for depletion and degradation of natural resources. Data are in constant 2005 U.S. dollars. Dollar figures for GDP are converted from domestic currencies using 2000 official exchange rates. For a few countries where the official exchange rate does not reflect the rate effectively applied to actual foreign exchange transactions, an alternative conversion factor is used. ",,37,3
28,6.0.GDPpc_constant,"GDP per capita, PPP (constant 2011 international $) ","GDP per capita based on purchasing power parity (PPP). PPP GDP is gross domestic product converted to international dollars using purchasing power parity rates. An international dollar has the same purchasing power over GDP as the U.S. dollar has in the United States. GDP is the sum of gross value added by all resident producers in the economy plus any product taxes and minus any subsidies not included in the value of the products. It is calculated without making deductions for depreciation of fabricated assets or for depletion and degradation of natural resources. Data are in constant 2011 international dollars. ",,37,3
29,6.0.GNIpc,"GNI per capita (2011 $)","GNI per capita is the gross national income, converted to U.S. dollars using the World Bank Atlas method, divided by the midyear population. GNI is the sum of value added by all resident producers plus any product taxes (less subsidies) not included in the valuation of output plus net receipts of primary income (compensation of employees and property income) from abroad. To smooth fluctuations in prices and exchange rates, a special Atlas method of conversion is used by the World Bank. This applies a conversion factor that averages the exchange rate for a given year and the two preceding years, adjusted for differences in rates of inflation between the country, and the Euro area, Japan, the United Kingdom, and the United States.",,37,3
30,8.0.LIPI,"Labor Income Poverty Index","The Labor Income Poverty Index (LIPI)  measures changes in the share of households that have per capita labor income below the regional poverty line of $4 per day, relative to a selected reference period. This reference period is the third quarter in 2010 (2010Q3 = 1), except for Chile and Guatemala, where 2010Q4 = 1.",,37,11
31,9.0.Labor.All,"Labor Force Participation Rate (%)","Share of the population (ages 18-65) that is in the labor force",,37,10
32,9.0.Labor.B40,"Labor Force Participation Rate (%)-Bottom 40 Percent","Share of the population (ages 18-65) in the Bottom 40 percent that is in the labor force",,37,3
33,9.0.Labor.T60,"Labor Force Participation Rate (%)-Top 60 Percent","Share of the population (ages 18-65) in the Top 60 percent that is in the labor force",,37,3
34,9.1.Labor.All,"Labor Force Participation Rate (%), Male","Share of the male population (ages 18-65) that is in the labor force",,37,10
35,9.1.Labor.B40,"Labor Force Participation Rate (%)-Bottom 40 Percent, Male","Share of the male population (ages 18-65) in the Bottom 40 percent that is in the labor force",,37,3
36,9.1.Labor.T60,"Labor Force Participation Rate (%)-Top 60 Percent, Male","Share of the male population (ages 18-65) in the Top 60 percent that is in the labor force",,37,3
37,9.2.Labor.All,"Labor Force Participation Rate (%), Female","Share of the female population (ages 18-65) that is in the labor force",,37,10
38,9.2.Labor.B40,"Labor Force Participation Rate (%)-Bottom 40 Percent, Female","Share of the female population (ages 18-65) in the Bottom 40 percent that is in the labor force",,37,3
39,9.2.Labor.T60,"Labor Force Participation Rate (%)-Top 60 Percent, Female","Share of the female population (ages 18-65) in the Top 60 percent that is in the labor force",,37,3
40,9020000,"9020000:ACTUAL INDIVIDUAL CONSUMPTION",,,78,3
41,9100000,"9100000:HOUSEHOLDS AND NPISHS FINAL CONSUMPTION EXPENDITURE",,,78,3
42,9260000,"9260000:INDIVIDUAL CONSUMPTION EXPENDITURE BY HOUSEHOLDS WITHOUT HOUSING",,,78,3
43,9270000,"9270000:GENERAL GOVERNMENT FINAL CONSUMPTION EXPENDITURE",,,78,3
44,A1,"001.Number of Exporters","Exporter-level information on export transactions - Customs",,30,3
45,A10i,"026.Export Value per Incumbent: Mean","Exporter-level information on export transactions - Customs",,30,3
46,A10ii,"027.Export Value per Incumbent: Median","Exporter-level information on export transactions - Customs",,30,3
47,A10iii,"028.Export Value per Incumbent: StDev.","Exporter-level information on export transactions - Customs",,30,3
48,A10iv,"029.Export Value per Incumbent: First Quartile","Exporter-level information on export transactions - Customs",,30,3
49,A10v,"030.Export Value per Incumbent: Third Quartile","Exporter-level information on export transactions - Customs",,30,3
50,A6i,"006.Export Value per Exporter: Mean","Exporter-level information on export transactions - Customs",,30,3
51,A6ii,"007.Export Value per Exporter: Median","Exporter-level information on export transactions - Customs",,30,3
52,A6iii,"008.Export Value per Exporter: StDev.","Exporter-level information on export transactions - Customs",,30,3
53,A6iv,"009.Export Value per Exporter: First Quartile","Exporter-level information on export transactions - Customs",,30,3
54,A6v,"010.Export Value per Exporter: Third Quartile","Exporter-level information on export transactions - Customs",,30,3
55,A7i,"011.Export Value per Entrant: Mean","Exporter-level information on export transactions - Customs",,30,3
56,A7ii,"012.Export Value per Entrant: Median","Exporter-level information on export transactions - Customs",,30,3
57,A7iii,"013.Export Value per Entrant: StDev.","Exporter-level information on export transactions - Customs",,30,3
58,A7iv,"014.Export Value per Entrant: First Quartile","Exporter-level information on export transactions - Customs",,30,3
59,A7v,"015.Export Value per Entrant: Third Quartile","Exporter-level information on export transactions - Customs",,30,3
60,A8i,"016.Export Value per Exiter: Mean","Exporter-level information on export transactions - Customs",,30,3
61,A8ii,"017.Export Value per Exiter: Median","Exporter-level information on export transactions - Customs",,30,3
62,A8iii,"018.Export Value per Exiter: StDev.","Exporter-level information on export transactions - Customs",,30,3
63,A8iv,"019.Export Value per Exiter: First Quartile","Exporter-level information on export transactions - Customs",,30,3
64,A8v,"020.Export Value per Exiter: Third Quartile","Exporter-level information on export transactions - Customs",,30,3
65,A9i,"021.Export Value per Surviving Entrant: Mean","Exporter-level information on export transactions - Customs",,30,3
66,A9ii,"022.Export Value per Surviving Entrant: Median","Exporter-level information on export transactions - Customs",,30,3
67,A9iii,"023.Export Value per Surviving Entrant: StDev.","Exporter-level information on export transactions - Customs",,30,3
68,A9iv,"024.Export Value per Surviving Entrant: First Quartile","Exporter-level information on export transactions - Customs",,30,3
69,A9v,"025.Export Value per Surviving Entrant: Third Quartile","Exporter-level information on export transactions - Customs",,30,3
70,account_t_d_3,"Account, income, poorest 40% (% age 15+)",,,33,3
71,account_t_d_4,"Account, income, richest 60% (% age 15+)",,,33,3
72,account.t.d.11,"Account, out of labor force (% age 15+)","The percentage of respondents who report having an account (by themselves or together with someone else) at a bank or another type of financial institution (see the definition for "financial institution account") or report personally using a mobile money service in the past year (see the definition for "mobile money account"), out of labor force (% age 15+)",,28,3
73,account.t.d.12,"Account, in labor force (% age 15+)","The percentage of respondents who report having an account (by themselves or together with someone else) at a bank or another type of financial institution (see the definition for "financial institution account") or report personally using a mobile money service in the past year (see the definition for "mobile money account"), in labor force (% age 15+)",,28,3
74,account.t.d.7,"Account, income, poorest 40% (% ages 15+)","The percentage of respondents who report having an account (by themselves or together with someone else) at a bank or another type of financial institution (see the definition for "financial institution account") or report personally using a mobile money service in the past year (see the definition for "mobile money account"), poorest 40% (% ages 15+)",,28,3
75,account.t.d.8,"Account, income, richest 60% (% ages 15+)","The percentage of respondents who report having an account (by themselves or together with someone else) at a bank or another type of financial institution (see the definition for "financial institution account") or report personally using a mobile money service in the past year (see the definition for "mobile money account"), richest 60% (% ages 15+)",,28,3
76,ad_hsng_any_dfcl_cogn_all,"Persons with adequate housing (% of persons with any degree of cognitive difficulty)",,,92,3
77,adj_al_alot_dfcl_cogn_1524,"Adjusted prevalence of persons aged 15 to 24 years with cognitive disabilities i.e. at least a lot of functional difficulty (% of persons aged 15 to 24 years)",,,92,3
78,adj_al_alot_dfcl_cogn_2534,"Adjusted prevalence of persons aged 25 to 34 years with cognitive disabilities i.e. at least a lot of functional difficulty (% of persons aged 25 to 34 years)",,,92,3
79,adj_al_alot_dfcl_cogn_3544,"Adjusted prevalence of persons aged 35 to 44 years with cognitive disabilities i.e. at least a lot of functional difficulty (% of persons aged 35 to 44 years)",,,92,3
80,adj_al_alot_dfcl_cogn_4554,"Adjusted prevalence of persons aged 45 to 54 years with cognitive disabilities i.e. at least a lot of functional difficulty (% of persons aged 45 to 54 years)",,,92,3
81,adj_al_alot_dfcl_cogn_5564,"Adjusted prevalence of persons aged 55 to 64 years with cognitive disabilities i.e. at least a lot of functional difficulty (% of persons aged 55 to 64 years)",,,92,3
82,adj_al_alot_dfcl_cogn_65up,"Adjusted prevalence of persons aged 65 or older with cognitive disabilities i.e. at least a lot of functional difficulty (% of persons aged 65 or older)",,,92,3
83,adj_al_alot_dfcl_cogn_all,"Adjusted prevalence of persons with cognitive disabilities i.e. at least a lot of functional difficulty (% of persons)",,,92,3
84,adj_al_alot_dfcl_cogn_fem,"Adjusted prevalence of female persons with cognitive disabilities i.e. at least a lot of functional difficulty (% of female persons)",,,92,3
85,adj_al_alot_dfcl_cogn_male,"Adjusted prevalence of male persons with cognitive disabilities i.e. at least a lot of functional difficulty (% of male persons)",,,92,3
86,adj_al_alot_dfcl_cogn_rur,"Adjusted prevalence of persons living in rural areas with cognitive disabilities i.e. at least a lot of functional difficulty (% of persons living in rural areas)",,,92,3
87,adj_al_alot_dfcl_cogn_urb,"Adjusted prevalence of persons living in urban areas with cognitive disabilities i.e. at least a lot of functional difficulty (% of persons living in urban areas)",,,92,3
88,adj_any_dfcl_cogn_1524,"Adjusted prevalence of persons aged 15 to 24 years with any degree of cognitive difficulty (% of persons aged 15 to 24 years)",,,92,3
89,adj_any_dfcl_cogn_2534,"Adjusted prevalence of persons aged 25 to 34 years with any degree of cognitive difficulty (% of persons aged 25 to 34 years)",,,92,3
90,adj_any_dfcl_cogn_3544,"Adjusted prevalence of persons aged 35 to 44 years with any degree of cognitive difficulty (% of persons aged 35 to 44 years)",,,92,3
91,adj_any_dfcl_cogn_4554,"Adjusted prevalence of persons aged 45 to 54 years with any degree of cognitive difficulty (% of persons aged 45 to 54 years)",,,92,3
92,adj_any_dfcl_cogn_5564,"Adjusted prevalence of persons aged 55 to 64 years with any degree of cognitive difficulty (% of persons aged 55 to 64 years)",,,92,3
93,adj_any_dfcl_cogn_65up,"Adjusted prevalence of persons aged 65 or older with any degree of cognitive difficulty (% of persons aged 65 or older)",,,92,3
94,adj_any_dfcl_cogn_all,"Adjusted prevalence of persons with any degree of cognitive difficulty (% of persons)",,,92,3
95,adj_any_dfcl_cogn_fem,"Adjusted prevalence of female persons with any degree of cognitive difficulty (% of female persons)",,,92,3
96,adj_any_dfcl_cogn_male,"Adjusted prevalence of male persons with any degree of cognitive difficulty (% of male persons)",,,92,3
97,adj_any_dfcl_cogn_rur,"Adjusted prevalence of persons living in rural areas with any degree of cognitive difficulty (% of persons living in rural areas)",,,92,3
98,adj_any_dfcl_cogn_urb,"Adjusted prevalence of persons living in urban areas with any degree of cognitive difficulty (% of persons living in urban areas)",,,92,3
99,adj_some_dfcl_cogn_1524,"Adjusted prevalence of persons aged 15 to 24 years with some degree of cognitive difficulty (% of persons aged 15 to 24 years)",,,92,3
100,adj_some_dfcl_cogn_2534,"Adjusted prevalence of persons aged 25 to 34 years with some degree of cognitive difficulty (% of persons aged 25 to 34 years)",,,92,3
101,adj_some_dfcl_cogn_3544,"Adjusted prevalence of persons aged 35 to 44 years with some degree of cognitive difficulty (% of persons aged 35 to 44 years)",,,92,3
102,adj_some_dfcl_cogn_4554,"Adjusted prevalence of persons aged 45 to 54 years with some degree of cognitive difficulty (% of persons aged 45 to 54 years)",,,92,3
103,adj_some_dfcl_cogn_5564,"Adjusted prevalence of persons aged 55 to 64 years with some degree of cognitive difficulty (% of persons aged 55 to 64 years)",,,92,3
104,adj_some_dfcl_cogn_65up,"Adjusted prevalence of persons aged 65 or older with some degree of cognitive difficulty (% of persons aged 65 or older)",,,92,3
105,adj_some_dfcl_cogn_all,"Adjusted prevalence of persons with some degree of cognitive difficulty (% of persons)",,,92,3
106,adj_some_dfcl_cogn_fem,"Adjusted prevalence of female persons with some degree of cognitive difficulty (% of female persons)",,,92,3
107,adj_some_dfcl_cogn_male,"Adjusted prevalence of male persons with some degree of cognitive difficulty (% of male persons)",,,92,3
108,adj_some_dfcl_cogn_rur,"Adjusted prevalence of persons living in rural areas with some degree of cognitive difficulty (% of persons living in rural areas)",,,92,3
109,adj_some_dfcl_cogn_urb,"Adjusted prevalence of persons living in urban areas with some degree of cognitive difficulty (% of persons living in urban areas)",,,92,3
110,AG.CON.FERT.MT,"Fertilizer consumption (metric tons)",,,57,3
111,AG.CON.FERT.PT.ZS,"Fertilizer consumption (% of fertilizer production)","Fertilizer consumption measures the quantity of plant nutrients used per unit of arable land. Fertilizer products cover nitrogenous, potash, and phosphate fertilizers (including ground rock phosphate). Traditional nutrients--animal and plant manures--are not included. For the purpose of data dissemination, FAO has adopted the concept of a calendar year (January to December). Some countries compile fertilizer data on a calendar year basis, while others are on a split-year basis.",,2,1
112,AG.CON.FERT.ZS,"Fertilizer consumption (kilograms per hectare of arable land)","Fertilizer consumption measures the quantity of plant nutrients used per unit of arable land. Fertilizer products cover nitrogenous, potash, and phosphate fertilizers (including ground rock phosphate). Traditional nutrients--animal and plant manures--are not included. For the purpose of data dissemination, FAO has adopted the concept of a calendar year (January to December). Some countries compile fertilizer data on a calendar year basis, while others are on a split-year basis. Arable land includes land defined by the FAO as land under temporary crops (double-cropped areas are counted once), temporary meadows for mowing or for pasture, land under market or kitchen gardens, and land temporarily fallow. Land abandoned as a result of shifting cultivation is excluded.",,2,1
113,AG.CON.PEST.MT,"Pesticide consumption (metric tons)",,,57,3
114,AG.CRP.BLY.CD,"Producer Price for Barley (per tonne, current US$)","Producer prices are prices received by farmers for primary agricultural products as defined in the SNA 93.  The producer's price is the amount receivable by the producer from the purchaser for a unit of a good or service produced as output minus any VAT, ",,11,3
115,AG.CRP.BLY.CN,"Producer Price for Barley (per tonne, current LCU)","Producer prices are prices received by farmers for primary agricultural products as defined in the SNA 93.  The producer's price is the amount receivable by the producer from the purchaser for a unit of a good or service produced as output minus any VAT, ",,11,3
116,AG.CRP.FNO.CD,"Producer Price for Fonio (per tonne, current US$)","Producer prices are prices received by farmers for primary agricultural products as defined in the SNA 93.  The producer's price is the amount receivable by the producer from the purchaser for a unit of a good or service produced as output minus any VAT, ",,11,3
117,AG.CRP.FNO.CN,"Producer Price for Fonio (per tonne, current LCU)","Producer prices are prices received by farmers for primary agricultural products as defined in the SNA 93.  The producer's price is the amount receivable by the producer from the purchaser for a unit of a good or service produced as output minus any VAT, ",,11,3
118,AG.CRP.MLT.CD,"Producer Price for Millet (per tonne, current US$)","Producer prices are prices received by farmers for primary agricultural products as defined in the SNA 93.  The producer's price is the amount receivable by the producer from the purchaser for a unit of a good or service produced as output minus any VAT, ",,11,3
119,AG.CRP.MLT.CN,"Producer Price for Millet (per tonne, current LCU)","Producer prices are prices received by farmers for primary agricultural products as defined in the SNA 93.  The producer's price is the amount receivable by the producer from the purchaser for a unit of a good or service produced as output minus any VAT, ",,11,3
120,AG.CRP.MZE.CD,"Producer Price for Maize (per tonne, current US$)","Producer prices are prices received by farmers for primary agricultural products as defined in the SNA 93.  The producer's price is the amount receivable by the producer from the purchaser for a unit of a good or service produced as output minus any VAT, or similar deductible tax, invoiced to the purchaser. It excludes any transport charges invoiced separately by the producer.",,11,3
121,AG.CRP.MZE.CN,"Producer Price for Maize (per tonne, current LCU)","Producer prices are prices received by farmers for primary agricultural products as defined in the SNA 93.  The producer's price is the amount receivable by the producer from the purchaser for a unit of a good or service produced as output minus any VAT, or similar deductible tax, invoiced to the purchaser. It excludes any transport charges invoiced separately by the producer.",,11,3
122,AG.CRP.RICE.CD,"Producer Price for Rice, paddy (per tonne, current US$)","Producer prices are prices received by farmers for primary agricultural products as defined in the SNA 93.  The producer's price is the amount receivable by the producer from the purchaser for a unit of a good or service produced as output minus any VAT, or similar deductible tax, invoiced to the purchaser. It excludes any transport charges invoiced separately by the producer.",,11,3
123,AG.CRP.RICE.CN,"Producer Price for Rice, paddy (per tonne, current LCU)","Producer prices are prices received by farmers for primary agricultural products as defined in the SNA 93.  The producer's price is the amount receivable by the producer from the purchaser for a unit of a good or service produced as output minus any VAT, or similar deductible tax, invoiced to the purchaser. It excludes any transport charges invoiced separately by the producer.",,11,3
124,AG.CRP.SGM.CD,"Producer Price for Sorghum (per tonne, current US$)","Producer prices are prices received by farmers for primary agricultural products as defined in the SNA 93.  The producer's price is the amount receivable by the producer from the purchaser for a unit of a good or service produced as output minus any VAT, or similar deductible tax, invoiced to the purchaser. It excludes any transport charges invoiced separately by the producer.",,11,3
125,AG.CRP.SGM.CN,"Producer Price for Sorghum (per tonne, current LCU)","Producer prices are prices received by farmers for primary agricultural products as defined in the SNA 93.  The producer's price is the amount receivable by the producer from the purchaser for a unit of a good or service produced as output minus any VAT, or similar deductible tax, invoiced to the purchaser. It excludes any transport charges invoiced separately by the producer.",,11,3
126,AG.CRP.WHT.CD,"Producer Price for Wheat (per tonne, current US$)","Producer prices are prices received by farmers for primary agricultural products as defined in the SNA 93.  The producer's price is the amount receivable by the producer from the purchaser for a unit of a good or service produced as output minus any VAT, or similar deductible tax, invoiced to the purchaser. It excludes any transport charges invoiced separately by the producer.",,11,3
127,AG.CRP.WHT.CN,"Producer Price for Wheat (per tonne, current LCU)","Producer prices are prices received by farmers for primary agricultural products as defined in the SNA 93.  The producer's price is the amount receivable by the producer from the purchaser for a unit of a good or service produced as output minus any VAT, or similar deductible tax, invoiced to the purchaser. It excludes any transport charges invoiced separately by the producer.",,11,3
128,AG.FRST.PROD.CHAR,"Wood charcoal production quantity (tonnes)","Wood carbonized by partial combustion or application of heat from an external source. It is used as a fuel or for other uses. Figures are given in weight (MT). ",,11,3
129,AG.FRST.PROD.WOOD,"Wood fuel production quantity (CUM, solid volume units)","Wood fuel refers to all roundwood used as fuel for purposes such as cooking, heating, or power production. It includes wood harvested from main stems, branches and other parts of trees. It also includes wood intended for charcoal production.",,11,3
130,AG.IMP.CREL.MT,"Cereal imports (metric tons)",,,57,3
131,AG.LND.BLY.HA,"Land under barley production (hectares)","Land under barley production refers to harvested area, although some countries report only sown or cultivated area. Production data on relate to crop harvested for dry grain only. Crop harvested for hay or harvested green for food, feed, or silage and those used for grazing are excluded.",,11,3
132,AG.LND.CREL.HA,"Land under cereal production (hectares)","Land under cereal production refers to harvested area, although some countries report only sown or cultivated area. Cereals include wheat, rice, maize, barley, oats, rye, millet, sorghum, buckwheat, and mixed grains. Production data on cereals relate to crops harvested for dry grain only. Cereal crops harvested for hay or harvested green for food, feed, or silage and those used for grazing are excluded.",,2,1
133,AG.LND.FNO.HA,"Land under fonio production (hectares)","Land under fonio production refers to harvested area, although some countries report only sown or cultivated area. Production data on relate to crop harvested for dry grain only. Crop harvested for hay or harvested green for food, feed, or silage and those used for grazing are excluded.",,11,3
134,AG.LND.MLT.HA,"Land under millet production (hectares)","Land under millet production refers to harvested area, although some countries report only sown or cultivated area. Production data on relate to crop harvested for dry grain only. Crop harvested for hay or harvested green for food, feed, or silage and those used for grazing are excluded.",,11,3
135,AG.LND.MZE.HA,"Land under maize production (hectares)","Land under maize production refers to harvested area, although some countries report only sown or cultivated area. Production data on relate to crop harvested for dry grain only. Crop harvested for hay or harvested green for food, feed, or silage and those used for grazing are excluded.",,11,3
136,AG.LND.RICE.HA,"Land under rice production (hectares)","Land under rice production refers to harvested area, although some countries report only sown or cultivated area. Production data on relate to crop harvested for dry grain only. Crop harvested for hay or harvested green for food, feed, or silage and those used for grazing are excluded.",,11,3
137,AG.LND.SGM.HA,"Land under sorghum production (hectares)","Land under sorghum production refers to harvested area, although some countries report only sown or cultivated area. Production data on relate to crop harvested for dry grain only. Crop harvested for hay or harvested green for food, feed, or silage and those used for grazing are excluded.",,11,3
138,AG.LND.WHT.HA,"Land under wheat production (hectares)","Land under wheat production refers to harvested area, although some countries report only sown or cultivated area. Production data on relate to crop harvested for dry grain only. Crop harvested for hay or harvested green for food, feed, or silage and those used for grazing are excluded.",,11,3
139,AG.PRD.AGRI.XD,"Agriculture production index (1999-2001 = 100)","The FAO indices of agricultural production show the relative level of the aggregate volume of agricultural production for each year in comparison with the base period 2004-2006. They are based on the sum of price-weighted quantities of different agricultural commodities produced after deductions of quantities used as seed and feed weighted in a similar manner. The resulting aggregate represents, therefore, disposable production for any use except as seed and feed.",,11,3
140,AG.PRD.BLY.MT,"Barley production (metric tons)","Production data on barley relate to crop harvested for dry grain only. Crop harvested for hay or harvested green for food, feed, or silage and those used for grazing are excluded.",,11,3
141,AG.PRD.CREL.MT,"Cereal production (metric tons)","Production data on cereals relate to crops harvested for dry grain only. Cereal crops harvested for hay or harvested green for food, feed, or silage and those used for grazing are excluded.",,2,1
142,AG.PRD.CREL.XD,"Cereal production index (1999-2001 = 100)","Cereal production index covers cereals that are considered edible and that contain nutrients.  The FAO indices of agricultural production show the relative level of the aggregate volume of agricultural production for each year in comparison with the base period 2004-2006. They are based on the sum of price-weighted quantities of different agricultural commodities produced after deductions of quantities used as seed and feed weighted in a similar manner. The resulting aggregate represents, therefore, disposable production for any use except as seed and feed.",,11,3
143,AG.PRD.CROP.XD,"Crop production index (2014-2016 = 100)","Crop production index shows agricultural production for each year relative to the base period 2014-2016. It includes all crops except fodder crops. Regional and income group aggregates for the FAO's production indexes are calculated from the underlying values in international dollars, normalized to the base period 2014-2016.",,2,1
144,AG.PRD.FNO.MT,"Fonio production (metric tons)","Production data on fonio relate to crop harvested for dry grain only. Crop harvested for hay or harvested green for food, feed, or silage and those used for grazing are excluded.",,11,3
145,AG.PRD.FOOD.XD,"Food production index (2014-2016 = 100)","Food production index covers food crops that are considered edible and that contain nutrients. Coffee and tea are excluded because, although edible, they have no nutritive value.",,2,1
146,AG.PRD.GAGRI.XD,"Agriculture production index (gross, 1999-2001 = 100)","The FAO indices of agricultural production show the relative level of the aggregate volume of agricultural production for each year in comparison with the base period 2004-2006. They are based on the sum of price-weighted quantities of different agricultural commodities produced after deductions of quantities used as seed and feed weighted in a similar manner. The resulting aggregate represents, therefore, disposable production for any use except as seed and feed.  All the indices at the country, regional and world levels are calculated by the Laspeyres formula. Production quantities of each commodity are weighted by 2004-2006 average international commodity prices and summed for each year.  To obtain the index, the aggregate for a given year is divided by the average aggregate for the base period 2004-2006.  Since the FAO indices are based on the concept of agriculture as a single enterprise, amounts of seed and feed are subtracted from the production data to avoid double counting them, once in the production data and once with the crops or livestock produced from them.  Deductions for seed (in the case of eggs, for hatching) and for livestock and poultry feed apply to both domestically produced and imported commodities.  They cover only primary agricultural products destined to animal feed (e.g. maize, potatoes, milk, etc.). Processed and semi-processed feed items such as bran, oilcakes, meals and molasses have been completely excluded from the calculations at all stages.   should be noted that when calculating indices of agricultural, food and nonfood production, all intermediate primary inputs of agricultural origin are deducted. However, for indices of any other commodity group, only inputs originating from within the same group are deducted; thus, only seed is removed from the group “crops” and from all crop subgroups, such as cereals, oil crops, etc.; and both feed and seed originating from within the livestock sector (e.g. milk feed, hatching eggs) are removed from the group “livestock products”. For the main two livestock subgroups, namely, meat and milk, only feed originating from the respective subgroup is removed.  The  ”international commodity prices” are used in order to avoid the use of exchange rates for obtaining continental and world aggregates, and also to improve and facilitate international comparative analysis of productivity at the national level. These” international prices”, expressed in so-called ""international dollars”, are derived using a Geary-Khamis formula for the agricultural sector. This method assigns a single “price” to each commodity. For example, one metric ton of wheat has the same price regardless of the country where it was produced. The currency unit in which the prices are expressed has no influence on the indices published.  The commodities covered in the computation of indices of agricultural production are all crops and livestock products originating in each country.  Practically all products are covered, with the main exception of fodder crops. The category of food production includes commodities that are considered edible and that contain nutrients.  Accordingly, coffee and tea are excluded along with inedible commodities because, although edible, they have practically no nutritive value.  Aggregates are the sum of available data.",,11,3
147,AG.PRD.GCREL.XD,"Cereal production index (gross, 1999-2001 = 100)","Cereal production index covers cereals that are considered edible and that contain nutrients.  The FAO indices of agricultural production show the relative level of the aggregate volume of agricultural production for each year in comparison with the base period 2004-2006. They are based on the sum of price-weighted quantities of different agricultural commodities produced after deductions of quantities used as seed and feed weighted in a similar manner. The resulting aggregate represents, therefore, disposable production for any use except as seed and feed.  All the indices at the country, regional and world levels are calculated by the Laspeyres formula. Production quantities of each commodity are weighted by 2004-2006 average international commodity prices and summed for each year.  To obtain the index, the aggregate for a given year is divided by the average aggregate for the base period 2004-2006.  Since the FAO indices are based on the concept of agriculture as a single enterprise, amounts of seed and feed are subtracted from the production data to avoid double counting them, once in the production data and once with the crops or livestock produced from them.  Deductions for seed (in the case of eggs, for hatching) and for livestock and poultry feed apply to both domestically produced and imported commodities.  They cover only primary agricultural products destined to animal feed (e.g. maize, potatoes, milk, etc.). Processed and semi-processed feed items such as bran, oilcakes, meals and molasses have been completely excluded from the calculations at all stages.   should be noted that when calculating indices of agricultural, food and nonfood production, all intermediate primary inputs of agricultural origin are deducted. However, for indices of any other commodity group, only inputs originating from within the same group are deducted; thus, only seed is removed from the group “crops” and from all crop subgroups, such as cereals, oil crops, etc.; and both feed and seed originating from within the livestock sector (e.g. milk feed, hatching eggs) are removed from the group “livestock products”. For the main two livestock subgroups, namely, meat and milk, only feed originating from the respective subgroup is removed.  The  ”international commodity prices” are used in order to avoid the use of exchange rates for obtaining continental and world aggregates, and also to improve and facilitate international comparative analysis of productivity at the national level. These” international prices”, expressed in so-called ""international dollars”, are derived using a Geary-Khamis formula for the agricultural sector. This method assigns a single “price” to each commodity. For example, one metric ton of wheat has the same price regardless of the country where it was produced. The currency unit in which the prices are expressed has no influence on the indices published.  The commodities covered in the computation of indices of agricultural production are all crops and livestock products originating in each country.  Practically all products are covered, with the main exception of fodder crops. The category of food production includes commodities that are considered edible and that contain nutrients.  Accordingly, coffee and tea are excluded along with inedible commodities because, although edible, they have practically no nutritive value.  Aggregates are the sum of available data.",,11,3
148,AG.PRD.GCROP.XD,"Crop production index (gross, 1999-2001 = 100)","Crop production index shows agricultural production for each year relative to the base period 2004-2006. It includes all crops except fodder crops. Regional and income group aggregates for the FAO's production indexes are calculated from the underlying values in international dollars, normalized to the base period 2004-2006.",,11,3
149,AG.PRD.GFOOD.XD,"Food production index (gross, 1999-2001 = 100)","Food production index covers food crops that are considered edible and that contain nutrients. Coffee and tea are excluded because, although edible, they have no nutritive value.",,11,3
150,AG.PRD.GLVSK.XD,"Livestock production index (gross, 1999-2001 = 100)","Livestock production index includes meat and milk from all sources, dairy products such as cheese, and eggs, honey, raw silk, wool, and hides and skins.",,11,3
151,AG.PRD.GNFOOD.XD,"Non-food production index (gross, 1999-2001 = 100)","Non-food production index covers non-food items.  All the indices at the country, regional and world levels are calculated by the Laspeyres formula. Production quantities of each commodity are weighted by 2004-2006 average international commodity prices and summed for each year. To obtain the index, the aggregate for a given year is divided by the average aggregate for the base period 2004-2006.  It should be noted that when calculating indices of agricultural, food and nonfood production, all intermediate primary inputs of agricultural origin are deducted. However, for indices of any other commodity group, only inputs originating from within the same group are deducted; thus, only seed is removed from the group “crops” and from all crop subgroups, such as cereals, oil crops, etc.; and both feed and seed originating from within the livestock sector (e.g. milk feed, hatching eggs) are removed from the group “livestock products”. For the main two livestock subgroups, namely, meat and milk, only feed originating from the respective subgroup is removed.  The ""international commodity prices” are used in order to avoid the use of exchange rates for obtaining continental and world aggregates, and also to improve and facilitate international comparative analysis of productivity at the national level. These” international prices”, expressed in so-called ""international dollars”, are derived using a Geary-Khamis formula for the agricultural sector. This method assigns a single “price” to each commodity. For example, one metric ton of wheat has the same price regardless of the country where it was produced. The currency unit in which the prices are expressed has no influence on the indices published.  The indices are calculated from production data presented on a calendar year basis.  Aggregates are the sum of available data.",,11,3
152,AG.PRD.LVSK.XD,"Livestock production index (2014-2016 = 100)","Livestock production index includes meat and milk from all sources, dairy products such as cheese, and eggs, honey, raw silk, wool, and hides and skins.",,2,1
153,AG.PRD.MLT.MT,"Millet production (metric tons)","Production data on millet relate to crop harvested for dry grain only. Crop harvested for hay or harvested green for food, feed, or silage and those used for grazing are excluded.",,11,3
154,AG.PRD.MZE.MT,"Maize production (metric tons)","Production data on maize relate to crop harvested for dry grain only. Crop harvested for hay or harvested green for food, feed, or silage and those used for grazing are excluded.",,11,3
155,AG.PRD.NFOOD.XD,"Gross non-food production index (1999-2001 = 100)","Non-food production index covers non-food items.  The FAO indices of agricultural production show the relative level of the aggregate volume of agricultural production for each year in comparison with the base period 2004-2006. They are based on the sum of price-weighted quantities of different agricultural commodities produced after deductions of quantities used as seed and feed weighted in a similar manner. The resulting aggregate represents, therefore, disposable production for any use except as seed and feed.",,11,3
156,AG.PRD.RICE.MT,"Rice production (metric tons)","Production data on rice relate to crop harvested for dry grain only. Crop harvested for hay or harvested green for food, feed, or silage and those used for grazing are excluded.",,11,3
157,AG.PRD.RTTB.MT,"Roots and tubers production (metric tons)",,,57,3
158,AG.PRD.SGM.MT,"Sorghum production (metric tons)","Production data on sorghum relate to crop harvested for dry grain only. Crop harvested for hay or harvested green for food, feed, or silage and those used for grazing are excluded.",,11,3
159,AG.PRD.WHT.MT,"Wheat production (metric tons)","Production data on wheat relate to crop harvested for dry grain only. Crop harvested for hay or harvested green for food, feed, or silage and those used for grazing are excluded.",,11,3
160,AG.USE.PEST.ZS,"Pesticide consumption (kg per hectare)",,,57,3
161,al_prim_any_dfcl_cogn_all,"Persons with at least primary education (% of persons with any degree of cognitive difficulty)",,,92,3
162,al_seco_any_dfcl_cogn_all,"Persons with at least secondary education (% of persons with any degree of cognitive difficulty)",,,92,3
163,allsp.bi_q1,"Benefit incidence of social protection and labor programs to poorest quintile (% of total SPL benefits)",,,57,3
164,allsp.cov_pop,"Coverage of social protection and labor programs (% of population)",,,57,3
165,allsp.gen_pop,"Generosity of social protection and labor programs (% of total welfare of beneficiary households)",,,57,3
166,any_dfcl_cogn_1529,"Prevalence of persons aged 15 to 29 years with any degree of cognitive difficulty (% of persons aged 15 to 29 years)",,,92,3
167,any_dfcl_cogn_3044,"Prevalence of persons aged 30 to 44 years with any degree of cognitive difficulty (% of persons aged 30 to 44 years)",,,92,3
168,any_dfcl_cogn_4564,"Prevalence of persons aged 45 to 64 years with any degree of cognitive difficulty (% of persons aged 45 to 64 years)",,,92,3
169,any_dfcl_cogn_65up,"Prevalence of persons aged 65 or older with any degree of cognitive difficulty (% of persons aged 65 or older)",,,92,3
170,any_dfcl_cogn_all,"Prevalence of persons with any degree of cognitive difficulty (% of persons)",,,92,3
171,any_dfcl_cogn_fem,"Prevalence of female persons with any degree of cognitive difficulty (% of female persons)",,,92,3
172,any_dfcl_cogn_male,"Prevalence of male persons with any degree of cognitive difficulty (% of male persons)",,,92,3
173,any_dfcl_cogn_rur,"Prevalence of persons living in rural areas with any degree of cognitive difficulty (% of persons living in rural areas)",,,92,3
174,any_dfcl_cogn_urb,"Prevalence of persons living in urban areas with any degree of cognitive difficulty (% of persons living in urban areas)",,,92,3
175,avlc_any_dfcl_cogn_all,"Women subjected to violence in the last 12 months (% of ever-partnered women with any degree of cognitive difficulty)",,,92,3
176,B2i,"042.Share of top 1% Exporters in TEV (Total Export Value)","Exporter-level information on export transactions - Customs",,30,3
177,B2ii,"043.Share of top 5% Exporters in TEV (Total Export Value)","Exporter-level information on export transactions - Customs",,30,3
178,B2iii,"044.Share of top 25% Exporters in TEV (Total Export Value)","Exporter-level information on export transactions - Customs",,30,3
179,B3i,"045.Number of HS6 Products per Exporter: Mean","Exporter-level information on export transactions - Customs",,30,3
180,B3ii,"046.Number of HS6 Products per Exporter: Median","Exporter-level information on export transactions - Customs",,30,3
181,B3iii,"047.Number of HS6 Products per Exporter: StDev.","Exporter-level information on export transactions - Customs",,30,3
182,B4i,"048.Number of Destinations per Exporter: Mean","Exporter-level information on export transactions - Customs",,30,3
183,B4ii,"049.Number of Destinations per Exporter: Median","Exporter-level information on export transactions - Customs",,30,3
184,B4iii,"050.Number of Destinations per Exporter: StDev.","Exporter-level information on export transactions - Customs",,30,3
185,B5i,"051.Number of Exporters per HS6 Product: Mean","Exporter-level information on export transactions - Customs",,30,3
186,B5ii,"052.Number of Exporters per HS6 Product: Median","Exporter-level information on export transactions - Customs",,30,3
187,B5iii,"053.Number of Exporters per HS6 Product: StDev.","Exporter-level information on export transactions - Customs",,30,3
188,B6i,"054.Number of Exporters per Destination: Mean","Exporter-level information on export transactions - Customs",,30,3
189,B6ii,"055.Number of Exporters per Destination: Median","Exporter-level information on export transactions - Customs",,30,3
190,B6iii,"056.Number of Exporters per Destination: StDev.","Exporter-level information on export transactions - Customs",,30,3
191,BG.GSR.NFSV.GD.ZS,"Trade in services (% of GDP)","Total trade in services includes services provided by residents to non-residents plus services provided by non-residents to residents. This indicator is expressed as a percentage of Gross Domestic Product (GDP) which is the total income earned through the production of goods and services in an economic territory during an accounting period.",,2,3
192,BG.KAC.FNEI.GD.PP.ZS,"Gross private capital flows (% of GDP, PPP)",,,57,3
193,BG.KAC.FNEI.GD.ZS,"Gross private capital flows (% of GDP)",,,57,3
194,BG.KLT.DINV.GD.PP.ZS,"Gross foreign direct investment (% of GDP, PPP)",,,57,3
195,BG.KLT.DINV.GD.ZS,"Gross foreign direct investment (% of GDP)",,,57,3
196,BI.EMP.FRML.PB.ED.ZS,"Public sector employment, as a share of formal employment, by industry: Education",,,64,3
197,BI.EMP.FRML.PB.HE.ZS,"Public sector employment, as a share of formal employment, by industry: Health",,,64,3
198,BI.EMP.FRML.PB.MW.ZS,"Public sector employment, as a share of formal employment, by occupation: Medical workers",,,64,3
199,BI.EMP.FRML.PB.TS.ZS,"Public sector employment, as a share of formal employment, by occupation: Teachers",,,64,3
200,BI.EMP.FRML.PB.ZS,"Public sector employment, as a share of formal employment",,,64,3
201,BI.EMP.PUBS.FE.CK.ZS,"Public sector female employment, as a share of paid employment by occupational group: Clerks",,,64,3
202,BI.EMP.PUBS.FE.ED.ZS,"Public sector female employment, as a share of paid employment by industry: Education",,,64,3
203,BI.EMP.PUBS.FE.EO.ZS,"Public sector female employment, as a share of paid employment by occupational group: Elementary workers",,,64,3
204,BI.EMP.PUBS.FE.HE.ZS,"Public sector female employment, as a share of paid employment by industry: Health",,,64,3
205,BI.EMP.PUBS.FE.MW.ZS,"Public sector female employment, as a share of paid employment by occupation: Medical workers",,,64,3
206,BI.EMP.PUBS.FE.PN.ZS,"Public sector female employment, as a share of paid employment by occupational group: Professionals",,,64,3
207,BI.EMP.PUBS.FE.SN.ZS,"Public sector female employment, as a share of paid employment by occupational group: Manager",,,64,3
208,BI.EMP.PUBS.FE.TN.ZS,"Public sector female employment, as a share of paid employment by occupational group: Technicians",,,64,3
209,BI.EMP.PUBS.FE.TS.ZS,"Public sector female employment, as a share of paid employment by occupation: Teachers",,,64,3
210,BI.EMP.PWRK.PB.CK.ZS,"Public sector employment, as a share of paid employment, by occupational group: Clerks",,,64,3
211,BI.EMP.PWRK.PB.ED.ZS,"Public sector employment, as a share of paid employment, by industry: Education",,,64,3
212,BI.EMP.PWRK.PB.EO.ZS,"Public sector employment, as a share of paid employment, by occupational group: Elementary workers",,,64,3
213,BI.EMP.PWRK.PB.FE.ZS,"Public sector employment, as a share of paid employment by gender: Female",,,64,3
214,BI.EMP.PWRK.PB.HE.ZS,"Public sector employment, as a share of paid employment, by industry: Health",,,64,3
215,BI.EMP.PWRK.PB.MA.ZS,"Public sector employment, as a share of paid employment by gender: Male",,,64,3
216,BI.EMP.PWRK.PB.MW.ZS,"Public sector employment, as a share of paid employment, by occupation: Medical workers",,,64,3
217,BI.EMP.PWRK.PB.PN.ZS,"Public sector employment, as a share of paid employment, by occupational group: Professionals",,,64,3
218,BI.EMP.PWRK.PB.RU.ZS,"Public sector employment, as a share of paid employment by location: Rural",,,64,3
219,BI.EMP.PWRK.PB.SN.ZS,"Public sector employment, as a share of paid employment, by occupational group: Manager",,,64,3
220,BI.EMP.PWRK.PB.TN.ZS,"Public sector employment, as a share of paid employment, by occupational group: Technicians",,,64,3
221,BI.EMP.PWRK.PB.TS.ZS,"Public sector employment, as a share of paid employment, by occupation: Teachers",,,64,3
222,BI.EMP.PWRK.PB.UR.ZS,"Public sector employment, as a share of paid employment by location: Urban",,,64,3
223,BI.EMP.PWRK.PB.ZS,"Public sector employment, as a share of paid employment",,,64,3
224,BI.EMP.TOTL.NO.CA,"Number of employed employees, by industry: Core Public Administration",,,64,3
225,BI.EMP.TOTL.NO.ED,"Number of employed employees, by industry: Education",,,64,3
226,BI.EMP.TOTL.NO.HE,"Number of employed employees, by industry: Health",,,64,3
227,BI.EMP.TOTL.NO.PA,"Number of employed employees, by industry: Public Administration",,,64,3
228,BI.EMP.TOTL.NO.PS,"Number of employed employees, by industry: Public Safety",,,64,3
229,BI.EMP.TOTL.NO.SS,"Number of employed employees, by industry: Social Security",,,64,3
230,BI.EMP.TOTL.PB.CK.ZS,"Public sector employment, as a share of total employment, by occupational group: Clerks",,,64,3
231,BI.EMP.TOTL.PB.ED.ZS,"Public sector employment, as a share of total employment, by industry: Education",,,64,3
232,BI.EMP.TOTL.PB.EO.ZS,"Public sector employment, as a share of total employment, by occupationa group: Elementary workers",,,64,3
233,BI.EMP.TOTL.PB.FE.ZS,"Public sector employment, as a share of total employment by gender: Female",,,64,3
234,BI.EMP.TOTL.PB.HE.ZS,"Public sector employment, as a share of total employment, by industry: Health",,,64,3
235,BI.EMP.TOTL.PB.MA.ZS,"Public sector employment, as a share of total employment by gender: Male",,,64,3
236,BI.EMP.TOTL.PB.MW.ZS,"Public sector employment, as a share of total employment, by occupation: Medical workers",,,64,3
237,BI.EMP.TOTL.PB.PN.ZS,"Public sector employment, as a share of total employment, by occupational group: Professionals",,,64,3
238,BI.EMP.TOTL.PB.RU.ZS,"Public sector employment, as a share of total employment by location: Rural",,,64,3
239,BI.EMP.TOTL.PB.SN.ZS,"Public sector employment, as a share of total employment, by occupational group: Manager",,,64,3
240,BI.EMP.TOTL.PB.TN.ZS,"Public sector employment, as a share of total employment, by occupational group: Technicians",,,64,3
241,BI.EMP.TOTL.PB.TS.ZS,"Public sector employment, as a share of total employment, by occupation: Teachers",,,64,3
242,BI.EMP.TOTL.PB.UR.ZS,"Public sector employment, as a share of total employment by location: Urban",,,64,3
243,BI.EMP.TOTL.PB.ZS,"Public sector employment, as a share of total employment",,,64,3
244,BI.PWK.AGES.PB.CA.MD,"Median age of public paid employees, by industry: Core Public Administration",,,64,3
245,BI.PWK.AGES.PB.CA.SM,"Mean age of public paid employees, by industry: Core Public Administration",,,64,3
246,BI.PWK.AGES.PB.ED.MD,"Median age of public paid employees, by industry: Education",,,64,3
247,BI.PWK.AGES.PB.ED.SM,"Mean age of public paid employees, by industry: Education",,,64,3
248,BI.PWK.AGES.PB.HE.MD,"Median age of public paid employees, by industry: Health",,,64,3
249,BI.PWK.AGES.PB.HE.SM,"Mean age of public paid employees, by industry: Health",,,64,3
250,BI.PWK.AGES.PB.PA.MD,"Median age of public paid employees, by industry: Public Administration",,,64,3
251,BI.PWK.AGES.PB.PA.SM,"Mean age of public paid employees, by industry: Public Administration",,,64,3
252,BI.PWK.AGES.PB.PS.MD,"Median age of public paid employees, by industry: Public Safety",,,64,3
253,BI.PWK.AGES.PB.PS.SM,"Mean age of public paid employees, by industry: Public Safety",,,64,3
254,BI.PWK.AGES.PB.SS.MD,"Median age of public paid employees, by industry: Social Security",,,64,3
255,BI.PWK.AGES.PB.SS.SM,"Mean age of public paid employees, by industry: Social Security",,,64,3
256,BI.PWK.AGES.PV.ED.MD,"Median age of private paid employees, by industry: Education",,,64,3
257,BI.PWK.AGES.PV.ED.SM,"Mean age of private paid employees, by industry: Education",,,64,3
258,BI.PWK.AGES.PV.HE.MD,"Median age of private paid employees, by industry: Health",,,64,3
259,BI.PWK.AGES.PV.HE.SM,"Mean age of private paid employees, by industry: Health",,,64,3
260,BI.PWK.PRVS.TT.ED.ZS,"Individuals with tertiary education as a share of private paid employees, by industry: Education",,,64,3
261,BI.PWK.PRVS.TT.HE.ZS,"Individuals with tertiary education as a share of private paid employees, by industry: Health",,,64,3
262,BI.PWK.PUBS.CA.FE.ZS,"Females, as a share of public paid employees by industry: Core Public Administration",,,64,3
263,BI.PWK.PUBS.ED.FE.ZS,"Females, as a share of public paid employees by industry: Education",,,64,3
264,BI.PWK.PUBS.HE.FE.ZS,"Females, as a share of public paid employees by industry: Health",,,64,3
265,BI.PWK.PUBS.NO.CA,"Number of public paid employees, by industry: Core Public Administration",,,64,3
266,BI.PWK.PUBS.NO.ED,"Number of public paid employees, by industry: Education",,,64,3
267,BI.PWK.PUBS.NO.HE,"Number of public paid employees, by industry: Health",,,64,3
268,BI.PWK.PUBS.NO.PA,"Number of public paid employees, by industry: Public Administration",,,64,3
269,BI.PWK.PUBS.NO.PS,"Number of public paid employees, by industry: Public Safety",,,64,3
270,BI.PWK.PUBS.NO.SS,"Number of public paid employees, by industry: Social Security",,,64,3
271,BI.PWK.PUBS.PA.FE.ZS,"Females, as a share of public paid employees by industry: Public Administration",,,64,3
272,BI.PWK.PUBS.PS.FE.ZS,"Females, as a share of public paid employees by industry: Public Safety",,,64,3
273,BI.PWK.PUBS.RU.CA.ZS,"Rural residents, as a share of public paid employees, by industry: Core Public Administration",,,64,3
274,BI.PWK.PUBS.RU.ED.ZS,"Rural residents, as a share of public paid employees, by industry: Education",,,64,3
275,BI.PWK.PUBS.RU.HE.ZS,"Rural residents, as a share of public paid employees, by industry: Health",,,64,3
276,BI.PWK.PUBS.RU.PA.ZS,"Rural residents, as a share of public paid employees, by industry: Public Administration",,,64,3
277,BI.PWK.PUBS.RU.PS.ZS,"Rural residents, as a share of public paid employees, by industry: Public Safety",,,64,3
278,BI.PWK.PUBS.RU.SS.ZS,"Rural residents, as a share of public paid employees, by industry: Social Security",,,64,3
279,BI.PWK.PUBS.RU.TS.ZS,"Rural residents, as a share of public paid employees, by industry: Teachers",,,64,3
280,BI.PWK.PUBS.SS.FE.ZS,"Females, as a share of public paid employees by industry: Social Security",,,64,3
281,BI.PWK.PUBS.TS.FE.ZS,"Females, as a share of public paid employees by industry: Teachers",,,64,3
282,BI.PWK.PUBS.TT.CA.ZS,"Individuals with tertiary Education as a share of public paid employees, by industry: Core Public Administration",,,64,3
283,BI.PWK.PUBS.TT.ED.ZS,"Individuals with tertiary education as a share of public paid employees, by industry: Education",,,64,3
284,BI.PWK.PUBS.TT.HE.ZS,"Individuals with tertiary education as a share of public paid employees, by industry: Health",,,64,3
285,BI.PWK.PUBS.TT.PA.ZS,"Individuals with tertiary education as a share of public paid employees, by industry: Public Administration",,,64,3
286,BI.PWK.PUBS.TT.PS.ZS,"Individuals with tertiary Education as a share of public paid employees, by industry: Public Safety",,,64,3
287,BI.PWK.PUBS.TT.SS.ZS,"Individuals with tertiary Education as a share of public paid employees, by industry: Social Security",,,64,3
288,BI.PWK.TOTL.NO.CA,"Number of paid employees, by industry: Core Public Administration",,,64,3
289,BI.PWK.TOTL.NO.ED,"Number of paid employees, by industry: Education",,,64,3
290,BI.PWK.TOTL.NO.HE,"Number of paid employees, by industry: Health",,,64,3
291,BI.PWK.TOTL.NO.PA,"Number of paid employees, by industry: Public Administration",,,64,3
292,BI.PWK.TOTL.NO.PS,"Number of paid employees, by industry: Public Safety",,,64,3
293,BI.PWK.TOTL.NO.SS,"Number of paid employees, by industry: Social Security",,,64,3
294,BI.WAG.PREM.ED,"Public sector wage premium, by industry: Education (compared to formal wage employees)",,,64,3
295,BI.WAG.PREM.ED.GP,"Public sector wage premium, by industry: Education (compared to all private employees)",,,64,3
296,BI.WAG.PREM.FE.ED,"Public sector wage premium for females, by industry: Education (compared to paid wage employees)",,,64,3
297,BI.WAG.PREM.FE.HE,"Public sector wage premium for females, by industry: Health (compared to paid wage employees)",,,64,3
298,BI.WAG.PREM.HE,"Public sector wage premium, by industry: Health (compared to formal wage employees)",,,64,3
299,BI.WAG.PREM.HE.GP,"Public sector wage premium, by industry: Health (compared to all private employees)",,,64,3
300,BI.WAG.PREM.MA.ED,"Public sector wage premium for males, by industry: Education (compared to paid wage employees)",,,64,3
301,BI.WAG.PREM.MA.HE,"Public sector wage premium for males, by industry: Health (compared to paid wage employees)",,,64,3
302,BI.WAG.PREM.PB.ED.PE,"P-Value: Public sector wage premium, by industry: Education (compared to all private employees)",,,64,3
303,BI.WAG.PREM.PB.ED.WE,"P-Value: Public sector wage premium, by industry: Education (compared to formal wage employees)",,,64,3
304,BI.WAG.PREM.PB.FE.ED,"P-Value: Public sector wage premium for females, by industry: Education (compared to paid wage employees)",,,64,3
305,BI.WAG.PREM.PB.FE.HE,"P-Value: Public sector wage premium for females, by industry: Health (compared to paid wage employees)",,,64,3
306,BI.WAG.PREM.PB.FM.CA,"P-Value: Gender wage premium in the public sector, by industry: Core Public Administration (compared to male paid employees)",,,64,3
307,BI.WAG.PREM.PB.FM.ED,"P-Value: Gender wage premium in the public sector, by industry: Education (compared to male paid employees)",,,64,3
308,BI.WAG.PREM.PB.FM.HE,"P-Value: Gender wage premium in the public sector, by industry: Health (compared to male paid employees)",,,64,3
309,BI.WAG.PREM.PB.FM.PA,"P-Value: Gender wage premium in the public sector, by industry: Public Administration (compared to male paid employees)",,,64,3
310,BI.WAG.PREM.PB.FM.PS,"P-Value: Gender wage premium in the public sector, by industry: Public Safety (compared to male paid employees)",,,64,3
311,BI.WAG.PREM.PB.FM.SS,"P-Value: Gender wage premium in the public sector, by industry: Social Security (compared to male paid employees)",,,64,3
312,BI.WAG.PREM.PB.HE.PE,"P-Value: Public sector wage premium, by industry: Health (compared to all private employees)",,,64,3
313,BI.WAG.PREM.PB.HE.WE,"P-Value: Public sector wage premium, by industry: Health (compared to formal wage employees)",,,64,3
314,BI.WAG.PREM.PB.MA.ED,"P-Value: Public sector wage premium for males, by industry: Education (compared to paid wage employees)",,,64,3
315,BI.WAG.PREM.PB.MA.HE,"P-Value: Public sector wage premium for males, by industry: Health (compared to paid wage employees)",,,64,3
316,BI.WAG.PREM.PV.FM.ED,"P-Value: Gender wage premium in the private sector, by industry: Education (compared to male paid employees)",,,64,3
317,BI.WAG.PREM.PV.FM.HE,"P-Value: Gender wage premium in the private sector, by industry: Health (compared to male paid employees)",,,64,3
318,BI.WAG.PRVS.ED.FM,"Gender wage premium in the private sector, by industry: Education (compared to male paid employees)",,,64,3
319,BI.WAG.PRVS.HE.FM,"Gender wage premium in the private sector, by industry: Health (compared to male paid employees)",,,64,3
320,BI.WAG.PUBS.CA.FM,"Gender wage premium in the public sector, by industry: Core Public Administration (compared to male paid employees)",,,64,3
321,BI.WAG.PUBS.ED.FM,"Gender wage premium in the public sector, by industry: Education (compared to male paid employees)",,,64,3
322,BI.WAG.PUBS.HE.FM,"Gender wage premium in the public sector, by industry: Health (compared to male paid employees)",,,64,3
323,BI.WAG.PUBS.PA.FM,"Gender wage premium in the public sector, by industry: Public Administration (compared to male paid employees)",,,64,3
324,BI.WAG.PUBS.PS.FM,"Gender wage premium in the public sector, by industry: Public Safety (compared to male paid employees)",,,64,3
325,BI.WAG.PUBS.SS.FM,"Gender wage premium in the public sector, by industry: Social Security (compared to male paid employees)",,,64,3
326,BI.WAG.TOTL.GD.ZS,"Wage bill as a percentage of GDP",,,64,3
327,BI.WAG.TOTL.PB.ZS,"Wage bill as a percentage of Public Expenditure",,,64,3
328,BM.AG.AGR.TRAC.CD,"Agricultural tractors, exports (FAO, current US$)","Agricultural machinery refers to the number of wheel and crawler tractors (excluding garden tractors) in use in agriculture at the end of the calendar year specified or during the first quarter of the following year.  Data are in US$.",,11,3
329,BM.AG.AGR.TRAC.NO,"Agricultural tractors, exports","Agricultural machinery refers to the number of wheel and crawler tractors (excluding garden tractors) in use in agriculture at the end of the calendar year specified or during the first quarter of the following year.",,11,3
330,BM.AG.CREL.CD,"Cereal exports (FAO, current US$)","Cereals include wheat, rice, maize, barley, oats, rye, millet, sorghum, buckwheat, and mixed grains. Production data on cereals relate to crops harvested for dry grain only. Cereal crops harvested for hay or harvested green for food, feed, or silage and those used for grazing are excluded. ",,11,3
331,BM.AG.CREL.MT,"Cereal exports quantity (FAO, tonnes)","Cereals include wheat, rice, maize, barley, oats, rye, millet, sorghum, buckwheat, and mixed grains. Production data on cereals relate to crops harvested for dry grain only. Cereal crops harvested for hay or harvested green for food, feed, or silage and those used for grazing are excluded. ",,11,3
332,BM.AG.FRST.CD,"Forest products imports (FAO, current US$)","Forest products imports.  Data are in current U.S. dollars. ",,11,3
333,BM.AG.HZ.PEST.CD,"Hazardous pesticides imports (FAO, current US$)","Pesticides refer to insecticides, fungicides, herbicides, disinfectants and any substance or mixture of substances intended for preventing, destroying or controlling any pest, including vectors of human or animal disease, unwanted species of plants or animals causing harm during or otherwise interfering with the production, processing, storage, transport or marketing of food, agricultural commodities, wood and wood products or animal feedstuffs, or substances which may be administered to animals for the control of insects, arachnids or other pests in or on their bodies.  The term includes substances intended for use as a plant growth regulator, defoliant, desiccant or agent for thinning fruit or preventing the premature fall of fruit, and substances applied to crops either before or after harvest to protect the commodity from deterioration during storage and transport.  Pesticide trade is the value of trade covering insecticides, fungicides, herbicides, disinfectants and others, as described by the Harmonised Coding System (HS) code 3808.  Differences between figures given for total exports and total imports at the world level may be due to several factors, e.g. the time lag between the dispatch of goods from exporting country and their arrival in the importing country; the use of different classification of the same product by different countries; or the fact that some countries supply data on general trade while others give data on special trade.",,11,3
334,BM.AG.PEST.CD,"Pesticides imports (FAO, current US$)","Pesticides refer to insecticides, fungicides, herbicides, disinfectants and any substance or mixture of substances intended for preventing, destroying or controlling any pest, including vectors of human or animal disease, unwanted species of plants or animals causing harm during or otherwise interfering with the production, processing, storage, transport or marketing of food, agricultural commodities, wood and wood products or animal feedstuffs, or substances which may be administered to animals for the control of insects, arachnids or other pests in or on their bodies. The term includes substances intended for use as a plant growth regulator, defoliant, desiccant or agent for thinning fruit or preventing the premature fall of fruit, and substances applied to crops either before or after harvest to protect the commodity from deterioration during storage and transport.",,11,3
335,BM.FOD.AGRI.CD,"Food imports excluding fish (FAO, current US$)","Food imports excludes fish.  Data are expressed in current U.S. dollar at cost-insurance-freight (cif) prices. Excludes fish. ",,11,3
336,BM.GSR.AGRI.CD,"Total agricultural imports (FAO, current US$)","Total agricultural imports are expressed in terms of value.  They cover all movements into the country of the commodity in question during the reference period. They include commercial trade, food aid granted on specific terms, donated quantities and estimates of unrecorded trade.",,11,3
337,BM.GSR.CMCP.ZS,"Communications, computer, etc. (% of service imports, BoP)","Communications, computer, information, and other services cover international telecommunications; computer data; news-related service transactions between residents and nonresidents; construction services; royalties and license fees; miscellaneous business, professional, and technical services; personal, cultural, and recreational services; manufacturing services on physical inputs owned by others; and maintenance and repair services and government services not included elsewhere. This indicator is expressed as a percentage of service imports which are services provided by non-residents to residents.",,2,3
338,BM.GSR.COMM.CD,"Communications services, imports (BoP, current US$)",,,57,3
339,BM.GSR.FCTY.CD,"Primary income payments (BoP, current US$)","Primary income payments refer to employee compensation paid to nonresident workers and investment income (payments on direct investment, portfolio investment, other investments).This indicator is expressed in current prices, meaning no adjustment has been made to account for price changes over time. This indicator is expressed in United States dollars.",,2,3
340,BM.GSR.FINS.CD,"Financial services, imports (BoP, current US$)",,,57,3
341,BM.GSR.FXAI.CD,"Other income payments (BoP, current US$)","Other income payments. ",,11,3
342,BM.GSR.GNFS.CD,"Imports of goods and services (BoP, current US$)","Imports of goods includes change in the economic ownership of goods from non-residents to


residents of the compiling economy, irrespective of physical movement of goods across national borders. Imports of services includes services provided by non-residents to residents. This indicator is expressed in current prices, meaning no adjustment has been made to account for price changes over time. This indicator is expressed in United States dollars.",,2,3
343,BM.GSR.INSF.ZS,"Insurance and financial services (% of service imports, BoP)","Insurance and financial services cover various types of insurance provided to nonresidents by resident insurance enterprises and vice versa, and financial intermediary and auxiliary services (except those of insurance enterprises and pension funds) exchanged between residents and nonresidents. This indicator is expressed as a percentage of service imports which are services provided by non-residents to residents.",,2,3
344,BM.GSR.INSU.CD,"Insurance services, imports (BoP, current US$)",,,57,3
345,BM.GSR.MRCH.CD,"Goods imports (BoP, current US$)","Imports of goods occur when there are changes in the economic ownership of goods from non-residents to residents of the compiling economy, irrespective of physical movement of goods across national borders. This indicator is expressed in current prices, meaning no adjustment has been made to account for price changes over time. This indicator is expressed in United States dollars.",,2,3
346,BM.GSR.MRCH.ZS,"Merchandise imports (BOP): percentage of GDP (%)",,,57,3
347,BM.GSR.NFSV.CD,"Service imports (BoP, current US$)","Imports of services are services provided by non-residents to residents. This indicator is expressed in current prices, meaning no adjustment has been made to account for price changes over time. This indicator is expressed in United States dollars.",,2,3
348,BM.GSR.OSRV.CD,"Other services, imports (BoP, US$)",,,57,3
349,BM.GSR.SERV.CD,"Imports of  total services (Debit, current US$)","Imports of total services is calculated as the difference between imports of goods and services and merchandise imports. ",,11,3
350,BM.GSR.TOTL.CD,"Imports of goods, services and primary income (BoP, current US$)","Imports of goods includes change in the economic ownership of goods from non-residents to


residents of the compiling economy, irrespective of physical movement of goods across national borders. Imports of services includes services provided by non-residents to residents. Primary income represents the return that accrues to institutional units for their contribution to the production process or for the provision of financial assets and renting natural resources to other institutional units. This indicator is expressed in current prices, meaning no adjustment has been made to account for price changes over time. This indicator is expressed in United States dollars.",,2,3
351,BM.GSR.TRAN.CD,"Transport services, imports (BoP, current US$)","Transport covers all transport services (sea, air, land, internal waterway, pipeline, space and electricity transmission) performed by residents of one economy for those of another and involving the carriage of passengers, the movement of goods (freight), rental of carriers with crew, and related support and auxiliary services. Also included are postal and courier services. Excluded are freight insurance (included in insurance services); goods procured in ports by nonresident carriers (included in goods); maintenance and repairs on transport equipment (included in maintenance and repair services n.i.e.); and repairs of railway facilities, harbors, and airfield facilities (included in construction). Data are in current U.S. dollars.",,57,3
352,BM.GSR.TRAN.ZS,"Transport services (% of service imports, BoP)","Transport services covers the process of carriage of people and objects from one location to another as well as related supporting and auxiliary services. Also included are postal and courier services. This indicator is expressed as a percentage of service imports which are services provided by non-residents to residents.",,2,3
353,BM.GSR.TRVL.CD,"Travel services, imports (BoP, current US$)","Travel covers goods and services acquired from an economy by travelers for their own use during visits of less than one year in that economy for either business or personal purposes. Travel includes local transport (i.e., transport within the economy being visited and provided by a resident of that economy), but excludes international transport (which is included in passenger transport. Travel also excludes goods for resale, which are included in general merchandise. Data are in current U.S. dollars.",,57,3
354,BM.GSR.TRVL.ZS,"Travel services (% of service imports, BoP)","Travel services cover goods and services for own use or to give away acquired from an economy by nonresidents during visits to that economy, or acquired from other economies by residents during visits to these other economies. This indicator is expressed as a percentage of service imports which are services provided by non-residents to residents.",,2,3
355,BM.KLT.DINV.CD,"Foreign direct investment, net outflows by reporting economy (IMF-BoP, current US$)","Foreign direct investment are the net inflows of investment to acquire a lasting management interest (10 percent or more of voting stock) in an enterprise operating in an economy other than that of the investor. It is the sum of equity capital, reinvestment of earnings, other long-term capital, and short-term capital as shown in the balance of payments. This series shows net outflows of investment from the reporting economy to the rest of the world. Data are in current U.S. dollars.",,11,3
356,BM.KLT.DINV.CD.WD,"Foreign direct investment, net outflows (BoP, current US$)","Foreign direct investment refers to direct investment equity flows in an economy. It is the sum of equity capital, reinvestment of earnings, and other capital. Direct investment is a category of cross-border investment associated with a resident in one economy having control or a significant degree of influence on the management of an enterprise that is resident in another economy. Ownership of 10 percent or more of the ordinary shares of voting stock is the criterion for determining the existence of a direct investment relationship. This series shows net outflows of investment from the reporting economy to the rest of the world. Data are in current U.S. dollars.",,2,3
357,BM.KLT.DINV.GD.ZS,"Foreign direct investment, net outflows (% of GDP)","Foreign direct investment are the net inflows of investment to acquire a lasting management interest (10 percent or more of voting stock) in an enterprise operating in an economy other than that of the investor. It is the sum of equity capital, reinvestment of earnings, other long-term capital, and short-term capital as shown in the balance of payments. This series shows net outflows of investment from the reporting economy to the rest of the world and is divided by GDP.",,57,3
358,BM.KLT.DINV.WD.GD.ZS,"Foreign direct investment, net outflows (% of GDP)","Foreign direct investment refers to direct investment equity flows in an economy. It is the sum of equity capital, reinvestment of earnings, and other capital. Direct investment is a category of cross-border investment associated with a resident in one economy having control or a significant degree of influence on the management of an enterprise that is resident in another economy. Ownership of 10 percent or more of the ordinary shares of voting stock is the criterion for determining the existence of a direct investment relationship. This series shows net outflows of investment from the reporting economy to the rest of the world, and is divided by GDP.",,2,3
359,BM.TRF.PRVT.CD,"Secondary income, other sectors, payments (BoP, current US$)","Secondary income refers to transfers recorded in the balance of payments whenever an economy provides or receives goods, services, income, or financial items without a quid pro quo. All transfers not considered to be capital are current. This indicator is expressed in current prices, meaning no adjustment has been made to account for price changes over time. This indicator is expressed in United States dollars.",,2,3
360,BN.CAB.IOTR.CD,"Current Account Balance after off. trans. (US$, BoP)",,,57,3
361,BN.CAB.XOKA.CD,"Current account balance (BoP, current US$)","Balance of current transactions (transactions in goods and services, earned income and transfer income) between residents and non-residents. The term current account balance is used in the external accounts and is expressed from the perspective of resident units. The term current external balance is used in the national accounts and is expressed from the perspective of the non-resident units, and therefore with the opposite sign. This indicator is expressed in current prices, meaning no adjustment has been made to account for price changes over time. This indicator is expressed in United States dollars.",,2,3
362,BN.CAB.XOKA.GD.ZS,"Current account balance (% of GDP)","Balance of current transactions (transactions in goods and services, earned income and transfer income) between residents and non-residents. The term current account balance is used in the external accounts and is expressed from the perspective of resident units. The term current external balance is used in the national accounts and is expressed from the perspective of the non-resident units, and therefore with the opposite sign. This indicator is expressed as a percentage of Gross Domestic Product (GDP) which is the total income earned through the production of goods and services in an economic territory during an accounting period.",,2,3
363,BN.CAB.XOKA.GDP.ZS,"Current account balance (% of GDP)",,,57,3
364,BN.CAB.XOKA.GN.ZS,"Current account balance (% of GNP)","Current account balance is the sum of net exports of goods, services, net income, and net current transfers. Data are in current U.S. dollars.  Data are divided by GNP at market prices in U.S. dollars to facilitate comparison across economies. ",,11,3
365,BN.CAB.XOTR.ZS,"Curr. acc. bal. before official transf. (% of GDP)",,,57,3
366,BN.CUR.ACTN.CD,"Current Account Balance (IMF def)(US$, BoP)",,,57,3
367,BN.CUR.GDPM.ZS,"Current account balance excluding net official capital grants (% of GDP)","Current account balance is the sum of net exports of goods, services, net income, and net current transfers.  This is divided by GDP at market prices, with both series expressed in current U.S. dollars. ",,11,3
368,BN.DSR.UNPD.CD,"Debt service not paid (BoP, current US$)","Debt service not paid (BoP, current US$). ",,11,3
369,BN.FAC.ARAC.CD,"Debt Service not paid: Arrears Accumulation (BoP, current US$)","In the standard presentation of the balance of payments, arrears of interest and amortization--amounts that are past due and unpaid--are recorded as if the amounts had been paid on schedule, and an offsetting entry is made to reflect the associated new, short-term commitments.  Data are in current US dollars. ",,11,3
370,BN.GSR.FCTY.CD,"Net primary income (BoP, current US$)","Net primary income includes the net labor income and net property and entrepreneurial income components of the SNA. Labor income covers compensation of employees paid to nonresident workers. Property and entrepreneurial income covers investment income from the ownership of foreign financial claims (interest, dividends, rent, etc.) and nonfinancial property income (patents, copyrights, etc.). This indicator is expressed in current prices, meaning no adjustment has been made to account for price changes over time. This indicator is expressed in United States dollars.",,2,3
371,BN.GSR.FCTY.CD.ZS,"Net income (% of GDP)","Net income refers to receipts and payments of employee compensation paid to nonresident workers and investment income (receipts and payments on direct investment, portfolio investment, other investments, and receipts on reserve assets). Income derived from the use of intangible assets is recorded under business services. Data are in current U.S. dollars. ",,11,3
372,BN.GSR.GNFS.CD,"Net trade in goods and services (BoP, current US$)","The balance of international trade in goods and services is the difference between the exports and imports of goods and services. This indicator is expressed in current prices, meaning no adjustment has been made to account for price changes over time. This indicator is expressed in United States dollars.",,2,3
373,BN.GSR.MRCH.CD,"Net trade in goods (BoP, current US$)","The balance of international trade in goods is the difference between the exports and imports of goods. This indicator is expressed in current prices, meaning no adjustment has been made to account for price changes over time. This indicator is expressed in United States dollars.",,2,3
374,BN.KLT.DINV.CD,"Foreign direct investment, net (BoP, current US$)","Foreign direct investment is a category of cross-border investment associated with a resident in one economy having control or a significant degree of influence on the management of an enterprise that is resident in another economy. Ownership of 10 percent or more of the voting power is evidence of a direct investment relationship. This indicator is expressed in current prices, meaning no adjustment has been made to account for price changes over time. This indicator is expressed in United States dollars.",,2,3
375,BN.KLT.DINV.CD.DRS,"Foreign direct investment, net inflows (US$)",,,57,3
376,BN.KLT.DINV.CD.ZS,"Foreign direct investment (% of GDP)","Foreign direct investment is net inflows of investment to acquire a lasting management interest (10 percent or more of voting stock) in an enterprise operating in an economy other than that of the investor. It is the sum of equity capital, reinvestment of earnings, other long-term capital, and short-term capital as shown in the balance of payments. This series shows total net, that is, net FDI in the reporting economy from foreign sources less net FDI by the reporting economy to the rest of the world. Data are in current U.S. dollars.",,11,3
377,BN.KLT.DINV.DRS.GDI.ZS,"Foreign direct investment, net inflows (% of GDI)",,,57,3
378,BN.KLT.DINV.DRS.GDP.ZS,"Foreign direct investment, net inflows (% of GDP)",,,57,3
379,BN.KLT.OINV.CD,"Other net investment (BoP, US$)",,,57,3
380,BN.KLT.PRVT.GD.ZS,"Private capital flows, total (% of GDP)","Private capital flows consist of net foreign direct investment and portfolio investment. Foreign direct investment is net inflows of investment to acquire a lasting management interest (10 percent or more of voting stock) in an enterprise operating in an economy other than that of the investor. It is the sum of equity capital, reinvestment of earnings, other long-term capital, and short-term capital as shown in the balance of payments. The FDI included here is total net, that is, net FDI in the reporting economy from foreign sources less net FDI by the reporting economy to the rest of the world. Portfolio investment covers transactions in equity securities and debt securities.",,11,3
381,BN.KLT.PTXL.CD,"Portfolio Investment, net (BoP, current US$)","Portfolio investment includes cross-border flows and positions involving debt or equity securities, other than those included in direct investment or reserve assets. This indicator is expressed in current prices, meaning no adjustment has been made to account for price changes over time. This indicator is expressed in United States dollars.",,2,3
382,BN.KLT.TOTL.CD,"Net direct and portfolio investment (US$)",,,57,3
383,BN.PEF.TOTL.CD,"Portfolio investment, equity (DRS, current US$)",,,57,3
384,BN.TRF.CURR.CD,"Net secondary income (BoP, current US$)","Net secondary income (from abroad) comprises transfers of income between residents of the reporting country and the rest of the world that carry no provisions for repayment. Net secondary income is equal to the unrequited transfers of income from nonresidents to residents minus the unrequited transfers from residents to nonresidents. This indicator is expressed in current prices, meaning no adjustment has been made to account for price changes over time. This indicator is expressed in United States dollars.",,2,3
385,BN.TRF.CURR.CD.ZS,"Net current transfers (% of GDP)","Net current transfers are recorded in the balance of payments whenever an economy provides or receives goods, services, income, or financial items without a quid pro quo. All transfers not considered to be capital are current. Data are in current U.S. dollars.",,11,3
386,borrow.any.t.d.11,"Borrowed any money, out of laborforce (% age 15+)",,,28,3
387,borrow.any.t.d.12,"Borrowed any money, in laborforce (% age 15+)",,,28,3
388,BX.AG.AGR.TRAC.CD,"Agricultural tractors, imports (FAO, current US$)","Agricultural machinery refers to the number of wheel and crawler tractors (excluding garden tractors) in use in agriculture at the end of the calendar year specified or during the first quarter of the following year.  Data are in US$.",,11,3
389,BX.AG.AGR.TRAC.NO,"Agricultural tractors, imports","Agricultural machinery refers to the number of wheel and crawler tractors (excluding garden tractors) in use in agriculture at the end of the calendar year specified or during the first quarter of the following year.",,11,3
390,BX.AG.CREL.CD,"Cereal imports (FAO, current US$)","Cereals include wheat, rice, maize, barley, oats, rye, millet, sorghum, buckwheat, and mixed grains. Production data on cereals relate to crops harvested for dry grain only. Cereal crops harvested for hay or harvested green for food, feed, or silage and those used for grazing are excluded.  ",,11,3
391,BX.AG.CREL.MT,"Cereal imports quantity (FAO, tonnes)","Cereals include wheat, rice, maize, barley, oats, rye, millet, sorghum, buckwheat, and mixed grains. Production data on cereals relate to crops harvested for dry grain only. Cereal crops harvested for hay or harvested green for food, feed, or silage and those used for grazing are excluded.  ",,11,3
392,BX.AG.FRST.CD,"Forest products exports (FAO, current US$)","Forest products exports.  Data are in current U.S. dollars.  ",,11,3
393,BX.AG.HZ.PEST.CD,"Hazardous pesticides exports (FAO, current US$)","Pesticides refer to insecticides, fungicides, herbicides, disinfectants and any substance or mixture of substances intended for preventing, destroying or controlling any pest, including vectors of human or animal disease, unwanted species of plants or animals causing harm during or otherwise interfering with the production, processing, storage, transport or marketing of food, agricultural commodities, wood and wood products or animal feedstuffs, or substances which may be administered to animals for the control of insects, arachnids or other pests in or on their bodies.  The term includes substances intended for use as a plant growth regulator, defoliant, desiccant or agent for thinning fruit or preventing the premature fall of fruit, and substances applied to crops either before or after harvest to protect the commodity from deterioration during storage and transport.  Pesticide trade is the value of trade covering insecticides, fungicides, herbicides, disinfectants and others, as described by the Harmonised Coding System (HS) code 3808.  Differences between figures given for total exports and total imports at the world level may be due to several factors, e.g. the time lag between the dispatch of goods from exporting country and their arrival in the importing country; the use of different classification of the same product by different countries; or the fact that some countries supply data on general trade while others give data on special trade.",,11,3
394,BX.AG.PEST.CD,"Pesticides exports (FAO, current US$)","Pesticides trade refers to the value of all types of pesticides (put up in forms or packings for retail sale or as preparations or articles), provided to (exports) or received (imported) from the rest of the world. Differences between figures given for total exports and total imports at the world level may be due to several factors, e.g. the time lag between the dispatch of goods from exporting country and their arrival in the importing country; the use of different classification of the same product by different countries; or the fact that some countries supply data on general trade while others give data on special trade.  Pesticides refers to insecticides, fungicides, herbicides, disinfectants and any substance intended for preventing, destroying, attracting, repelling, or controlling any pest including unwanted species of plants or animals during the production, storage, transport, distribution, and processing of food, agricultural commodities, or animal feeds of which may be administered to animals for the control of ectoparasites. ",,11,3
395,BX.FOD.AGRI.CD,"Food exports excluding fish (FAO, current US$)","Food exports an are expressed in current U.S. dollars at free on board (fob) prices. Excludes fish.  ",,11,3
396,BX.GSR.AGRI.CD,"Total agricultural exports (FAO, current US$)","Total agricultural imports are expressed in terms of value.  They cover all movements into the country of the commodity in question during the reference period. They include commercial trade, food aid granted on specific terms, donated quantities and estimates of unrecorded trade.",,11,3
397,BX.GSR.CCIS.CD,"ICT service exports (BoP, current US$)","Information and communication technology service exports include computer and communications services (telecommunications and postal and courier services) and information services (computer data and news-related service transactions). Data are in current U.S. dollars.",,2,3
398,BX.GSR.CCIS.ZS,"ICT service exports (% of service exports, BoP)","Information and communication technology service exports include computer and communications services (telecommunications and postal and courier services) and information services (computer data and news-related service transactions).",,2,3
399,BX.GSR.CMCP.ZS,"Communications, computer, etc. (% of service exports, BoP)","Communications, computer, information, and other services cover international telecommunications; computer data; news-related service transactions between residents and nonresidents; construction services; royalties and license fees; miscellaneous business, professional, and technical services; personal, cultural, and recreational services; manufacturing services on physical inputs owned by others; and maintenance and repair services and government services not included elsewhere. This indicator is expressed as a percentage of service exports which are services provided by residents to non-residents.",,2,3
400,BX.GSR.COMM.CD,"Communications services, exports (BoP, current US$)",,,57,3
401,BX.GSR.FCTY.CD,"Primary income receipts (BoP, current US$)","Primary income receipts refer to employee compensation paid to resident workers working abroad and investment income (receipts on direct investment, portfolio investment, other investments, and receipts on reserve assets). This indicator is expressed in current prices, meaning no adjustment has been made to account for price changes over time. This indicator is expressed in United States dollars.",,2,3
402,BX.GSR.FINS.CD,"Financial services, exports (BoP, current US$)",,,57,3
403,BX.GSR.GNFS.CD,"Exports of goods and services (BoP, current US$)","Exports of goods includes changes in the economic ownership of goods from residents of the compiling economy to non-residents, irrespective of physical movement of goods across national borders. Exports of services includes services provided by residents to non-residents. This indicator is expressed in current prices, meaning no adjustment has been made to account for price changes over time. This indicator is expressed in United States dollars.",,2,3
404,BX.GSR.INCL.CD,"Exports of goods, services, income and workers' remittances (BoP, current US$)","Exports of goods and services are the total value of goods and services exported as well as income and workers' remittances received. Workers' remittances include compensation of employees. Data are in current U.S. dollars.",,11,3
405,BX.GSR.INSF.ZS,"Insurance and financial services (% of service exports, BoP)","Insurance and financial services cover various types of insurance provided to nonresidents by resident insurance enterprises and vice versa, and financial intermediary and auxiliary services (except those of insurance enterprises and pension funds) exchanged between residents and nonresidents. This indicator is expressed as a percentage of service exports which are services provided by residents to non-residents.",,2,3
406,BX.GSR.INSU.CD,"Insurance services, exports (BoP, current US$)",,,57,3
407,BX.GSR.MRCH.CD,"Goods exports (BoP, current US$)","Exports of goods occur when there are changes in the economic ownership of goods from residents of the compiling economy to non-residents, irrespective of physical movement of goods across national borders. This indicator is expressed in current prices, meaning no adjustment has been made to account for price changes over time. This indicator is expressed in United States dollars.",,2,3
408,BX.GSR.MRCH.ZS,"Merchandise exports (BOP): percentage of GDP (%)",,,57,3
409,BX.GSR.NFSV.CD,"Service exports (BoP, current US$)","Exports of services are services provided by residents to non-residents. This indicator is expressed in current prices, meaning no adjustment has been made to account for price changes over time. This indicator is expressed in United States dollars.",,2,3
410,BX.GSR.OSRV.CD,"Other services, exports (BoP, US$)",,,57,3
411,BX.GSR.TOTL.CD,"Exports of goods, services and primary income (BoP, current US$)","Exports of goods includes changes in the economic ownership of goods from residents of the compiling economy to non-residents, irrespective of physical movement of goods across national borders. Exports of services includes services provided by residents to non-residents. Primary income represents the return that accrues to institutional units for their contribution to the production process or for the provision of financial assets and renting natural resources to other institutional units. This indicator is expressed in current prices, meaning no adjustment has been made to account for price changes over time. This indicator is expressed in United States dollars.",,2,3
412,BX.GSR.TRAN.CD,"Transport services, exports (BoP, current US$)","Transport covers all transport services (sea, air, land, internal waterway, pipeline, space and electricity transmission) performed by residents of one economy for those of another and involving the carriage of passengers, the movement of goods (freight), rental of carriers with crew, and related support and auxiliary services. Also included are postal and courier services. Excluded are freight insurance (included in insurance services); goods procured in ports by nonresident carriers (included in goods); maintenance and repairs on transport equipment (included in maintenance and repair services n.i.e.); and repairs of railway facilities, harbors, and airfield facilities (included in construction). Data are in current U.S. dollars.",,57,3
413,BX.GSR.TRAN.ZS,"Transport services (% of service exports, BoP)","Transport services covers the process of carriage of people and objects from one location to another as well as related supporting and auxiliary services. Also included are postal and courier services. This indicator is expressed as a percentage of service exports which are services provided by residents to non-residents.",,2,3
414,BX.GSR.TRVL.CD,"Travel services, exports (BoP, current US$)","Travel covers goods and services acquired from an economy by travelers for their own use during visits of less than one year in that economy for either business or personal purposes. Travel includes local transport (i.e., transport within the economy being visited and provided by a resident of that economy), but excludes international transport (which is included in passenger transport. Travel also excludes goods for resale, which are included in general merchandise. Data are in current U.S. dollars.",,57,3
415,BX.GSR.TRVL.ZS,"Travel services (% of service exports, BoP)","Travel services cover goods and services for own use or to give away acquired from an economy by nonresidents during visits to that economy, or acquired from other economies by residents during visits to these other economies. This indicator is expressed as a percentage of service exports which are services provided by residents to non-residents.",,2,3
416,BX.KLT.DINV.CD,"Foreign direct investment, net inflows in reporting economy (IMF-BoP, current US$)","Foreign direct investment is net inflows of investment to acquire a lasting management interest (10 percent or more of voting stock) in an enterprise operating in an economy other than that of the investor. It is the sum of equity capital, reinvestment of earnings, other long-term capital, and short-term capital as shown in the balance of payments. Data are in current U.S. dollars.",,11,3
417,BX.KLT.DINV.CD.DT,"Foreign direct investment, net inflows in reporting economy (DRS, current US$)","Foreign direct investment (net) shows the net change in foreign investment in the reporting country. Foreign direct investment is defined as investment that is made to acquire a lasting management interest (usually of 10 percent of voting stock) in an enterprise operating in a country other than that of the investor (defined according to residency), the investor's purpose being an effective voice in the management of the enterprise. It is the sum of equity capital, reinvestment of earnings, other long-term capital, and short-term capital as shown in the balance of payments. This series shows net inflows in the reporting economy. Data are in current U.S. dollars.",,81,20
418,BX.KLT.DINV.CD.WD,"Foreign direct investment, net inflows (BoP, current US$)","Foreign direct investment refers to direct investment equity flows in the reporting economy. It is the sum of equity capital, reinvestment of earnings, and other capital. Direct investment is a category of cross-border investment associated with a resident in one economy having control or a significant degree of influence on the management of an enterprise that is resident in another economy. Ownership of 10 percent or more of the ordinary shares of voting stock is the criterion for determining the existence of a direct investment relationship. Data are in current U.S. dollars.",,2,3
419,BX.KLT.DINV.DT.GD.ZS,"Foreign direct investment, net inflows (% of GDP)",,,57,3
420,BX.KLT.DINV.DT.GI.ZS,"Foreign direct investment, net inflows (% of gross capital formation)",,,57,3
421,BX.KLT.DINV.WD.GD.ZS,"Foreign direct investment, net inflows (% of GDP)","Foreign direct investment are the net inflows of investment to acquire a lasting management interest (10 percent or more of voting stock) in an enterprise operating in an economy other than that of the investor. It is the sum of equity capital, reinvestment of earnings, other long-term capital, and short-term capital as shown in the balance of payments. This series shows net inflows (new investment inflows less disinvestment) in the reporting economy from foreign investors, and is divided by GDP.",,2,3
422,BX.KLT.DREM.CD.DT,"Primary income on FDI (current US$)","Primary income on foreign direct investment covers payments of direct investment income (debit side), which consist of income on equity (dividends, branch profits, and reinvested earnings) and income on the intercompany debt (interest). Data are in current U.S. dollars.",,81,3
423,BX.PEF.TOTL.CD,"Portfolio investment, equity (DRS, current US$)",,,57,3
424,BX.PEF.TOTL.CD.DT,"Portfolio investment, equity (DRS, current US$)","Portfolio equity includes net inflows from equity securities other than those recorded as direct investment and including shares, stocks, depository receipts (American or global), and direct purchases of shares in local stock markets by foreign investors. Data are in current U.S. dollars.",,81,20
425,BX.TRF.CURR.CD,"Secondary income receipts (BoP, current US$)","Secondary income refers to transfers recorded in the balance of payments whenever an economy provides or receives goods, services, income, or financial items without a quid pro quo. All transfers not considered to be capital are current. This indicator is expressed in current prices, meaning no adjustment has been made to account for price changes over time. This indicator is expressed in United States dollars.",,2,3
426,BX.TRF.MGR.DT.GD.ZS,"Migrant remittance inflows (% of GDP)","Migrants’ remittances are defined as the sum of worker’s remittances,",,11,3
427,BX.TRF.PWKR.DT.GD.ZS,"Personal remittances, received (% of GDP)","Personal remittances comprise personal transfers and compensation of employees. Personal transfers consist of all current transfers in cash or in kind made or received by resident households to or from nonresident households. Personal transfers thus include all current transfers between resident and nonresident individuals. Compensation of employees refers to the income of border, seasonal, and other short-term workers who are employed in an economy where they are not resident and of residents employed by nonresident entities. Data are the sum of two items defined in the sixth edition of the IMF's Balance of Payments Manual: personal transfers and compensation of employees.",,2,3
428,BX.TRF.PWKR.GD.ZS,"Workers' remittances, receipts (% of GDP)","Workers' remittances are current transfers by migrants who are employed or intend to remain employed for more than a year in another economy in which they are considered residents. Some developing countries classify workers' remittances as a factor income receipt (and thus as a component of GNI). The World Bank adheres to international guidelines in defining GNI, and its classification of workers' remittances may therefore differ from national practices. This item shows receipts by the reporting country. Data are in current U.S. dollars.",,11,3
429,C1.6,"Income level",,,82,3
430,C1.7,"Gross national income (in USD)",,,82,3
431,C1.8,"Gross national income per capita",,,82,3
432,C1.9,"Percentage(%) of Gross Domestic Product as Public Procurement Expenditure",,,82,3
433,C4,"060.Share of Entrants in TEV (Total Export Value)","Exporter-level information on export transactions - Customs",,30,3
434,C4.1,"Common spend taxonomy used",,,82,3
435,C4.9c,"Number of contract awards evaluated based on Lowest Price method",,,82,3
436,C4.9d,"Value of contract awards evaluated based on Lowest Price method (in USD)",,,82,3
437,CC.AVPB.PTPI.AR,"Additional people below $1.90 as % of total population by impact - Agriculture Revenues","Additional people below $1.90 as % of total population by impact, from climate change impacts relating to Agriculture Revenues, is generated from data within Shock Waves : Managing the Impacts of Climate Change on Poverty. This report examines the potential impact of climate change and climate policies on poverty reduction. It also provides guidance on how to create a “win-win” situation so that climate change policies contribute to poverty reduction and poverty-reduction policies contribute to climate change mitigation and resilience building. The key finding of the report is that climate change represents a significant obstacle to the sustained eradication of poverty, but future impacts on poverty are determined by policy choices: rapid, inclusive, and climate-informed development can prevent most short-term impacts whereas immediate pro-poor, emissions-reduction policies can drastically limit long-term ones.",,87,3
438,CC.AVPB.PTPI.FP,"Additional people below $1.90 as % of total population by impact - Food prices","Additional people below $1.90 as % of total population by impact, from climate change impacts relating to Food Prices, is generated from data within Shock Waves : Managing the Impacts of Climate Change on Poverty. This report examines the potential impact of climate change and climate policies on poverty reduction. It also provides guidance on how to create a “win-win” situation so that climate change policies contribute to poverty reduction and poverty-reduction policies contribute to climate change mitigation and resilience building. The key finding of the report is that climate change represents a significant obstacle to the sustained eradication of poverty, but future impacts on poverty are determined by policy choices: rapid, inclusive, and climate-informed development can prevent most short-term impacts whereas immediate pro-poor, emissions-reduction policies can drastically limit long-term ones.",,87,3
439,CC.AVPB.PTPI.LP,"Additional people below $1.90 as % of total population by impact - Labor productivity","Additional people below $1.90 as % of total population by impact, from climate change impacts relating to Labor Productivity, is generated from data within Shock Waves : Managing the Impacts of Climate Change on Poverty. This report examines the potential impact of climate change and climate policies on poverty reduction. It also provides guidance on how to create a “win-win” situation so that climate change policies contribute to poverty reduction and poverty-reduction policies contribute to climate change mitigation and resilience building. The key finding of the report is that climate change represents a significant obstacle to the sustained eradication of poverty, but future impacts on poverty are determined by policy choices: rapid, inclusive, and climate-informed development can prevent most short-term impacts whereas immediate pro-poor, emissions-reduction policies can drastically limit long-term ones.",,87,3
440,CC.CHIC.BTFP.AG,"Change in income (%) for bottom 40% of the population by impact, by 2030 - Agriculture (original)","Change in income (%) for bottom 40% of the population by impact, by 2030, from climate change impacts relating to Agriculture, is generated from data within Shock Waves : Managing the Impacts of Climate Change on Poverty. This report examines the potential impact of climate change and climate policies on poverty reduction. It also provides guidance on how to create a “win-win” situation so that climate change policies contribute to poverty reduction and poverty-reduction policies contribute to climate change mitigation and resilience building. The key finding of the report is that climate change represents a significant obstacle to the sustained eradication of poverty, but future impacts on poverty are determined by policy choices: rapid, inclusive, and climate-informed development can prevent most short-term impacts whereas immediate pro-poor, emissions-reduction policies can drastically limit long-term ones.",,87,3
441,CC.CHIC.BTFP.AI,"Change in income (%) for bottom 40% of the population by impact, by 2030 - All Impacts (original)","Change in income (%) for bottom 40% of the population for all impacts impact, by 2030, is generated from data within Shock Waves : Managing the Impacts of Climate Change on Poverty. This report examines the potential impact of climate change and climate policies on poverty reduction. It also provides guidance on how to create a “win-win” situation so that climate change policies contribute to poverty reduction and poverty-reduction policies contribute to climate change mitigation and resilience building. The key finding of the report is that climate change represents a significant obstacle to the sustained eradication of poverty, but future impacts on poverty are determined by policy choices: rapid, inclusive, and climate-informed development can prevent most short-term impacts whereas immediate pro-poor, emissions-reduction policies can drastically limit long-term ones.",,87,3
442,CC.CHIC.BTFP.DI,"Change in income (%) for bottom 40% of the population by impact, by 2030 - Disasters (original)","Change in income (%) for bottom 40% of the population by impact, by 2030, from climate change impacts relating to Disasters, is generated from data within Shock Waves : Managing the Impacts of Climate Change on Poverty. This report examines the potential impact of climate change and climate policies on poverty reduction. It also provides guidance on how to create a “win-win” situation so that climate change policies contribute to poverty reduction and poverty-reduction policies contribute to climate change mitigation and resilience building. The key finding of the report is that climate change represents a significant obstacle to the sustained eradication of poverty, but future impacts on poverty are determined by policy choices: rapid, inclusive, and climate-informed development can prevent most short-term impacts whereas immediate pro-poor, emissions-reduction policies can drastically limit long-term ones.",,87,3
443,CC.CHIC.BTFP.HE,"Change in income (%) for bottom 40% of the population by impact, by 2030 - Health (original)","Change in income (%) for bottom 40% of the population by impact, by 2030, from climate change impacts relating to Health, is generated from data within Shock Waves : Managing the Impacts of Climate Change on Poverty. This report examines the potential impact of climate change and climate policies on poverty reduction. It also provides guidance on how to create a “win-win” situation so that climate change policies contribute to poverty reduction and poverty-reduction policies contribute to climate change mitigation and resilience building. The key finding of the report is that climate change represents a significant obstacle to the sustained eradication of poverty, but future impacts on poverty are determined by policy choices: rapid, inclusive, and climate-informed development can prevent most short-term impacts whereas immediate pro-poor, emissions-reduction policies can drastically limit long-term ones.",,87,3
444,CC.CHIC.BTFP.TE,"Change in income (%) for bottom 40% of the population by impact, by 2030 - Temperature (original)","Change in income (%) for bottom 40% of the population by impact, by 2030, from climate change impacts relating to Temperature, is generated from data within Shock Waves : Managing the Impacts of Climate Change on Poverty. This report examines the potential impact of climate change and climate policies on poverty reduction. It also provides guidance on how to create a “win-win” situation so that climate change policies contribute to poverty reduction and poverty-reduction policies contribute to climate change mitigation and resilience building. The key finding of the report is that climate change represents a significant obstacle to the sustained eradication of poverty, but future impacts on poverty are determined by policy choices: rapid, inclusive, and climate-informed development can prevent most short-term impacts whereas immediate pro-poor, emissions-reduction policies can drastically limit long-term ones.",,87,3
445,CC.CHIC.CFPI.AG,"Change in income (%) for bottom 40% of the population by impact - Agriculture Revenues (update)",,,87,3
446,CC.CHIC.CFPI.AI,"Change in income (%) for bottom 40% of the population by impact - All impacts (update)",,,87,3
447,CC.CHIC.CFPI.DI,"Change in income (%) for bottom 40% of the population by impact - Disasters (update)",,,87,3
448,CC.CHIC.CFPI.FP,"Change in income (%) for bottom 40% of the population by impact - Food prices (update)",,,87,3
449,CC.CHIC.CFPI.HE,"Change in income (%) for bottom 40% of the population by impact - Health (update)",,,87,3
450,CC.CHIC.CFPI.LP,"Change in income (%) for bottom 40% of the population by impact - Labor productivity (update)",,,87,3
451,CC.COAL.PROD.OP,"Annual coal production (Mt per year) - Operating",,,87,3
452,CC.COAL.PROD.PR,"Annual coal production (Mt per year) - Proposed Projects (Total)",,,87,3
453,CC.ECA.GAEX.CA,"Capacity of Liquefied Natural Gas export terminals (Mt per year) - Cancelled",,,87,3
454,CC.ECA.GAEX.ID,"Capacity of Liquefied Natural Gas export terminals (Mt per year) - In Development (Proposed + Construction)",,,87,3
455,CC.ECA.GAEX.OP,"Capacity of Liquefied Natural Gas export terminals (Mt per year) - Operating",,,87,3
456,CC.ECA.GAEX.SH,"Capacity of Liquefied Natural Gas export terminals (Mt per year) - Shelved",,,87,3
457,CC.ECA.GAIM.CA,"Capacity of Liquefied Natural Gas import terminals (Mt per year) - Cancelled",,,87,3
458,CC.ECA.GAIM.ID,"Capacity of Liquefied Natural Gas import terminals (Mt per year) - In Development (Proposed + Construction)",,,87,3
459,CC.ECA.GAIM.OP,"Capacity of Liquefied Natural Gas import terminals (Mt per year) - Operating",,,87,3
460,CC.ECA.GAIM.SH,"Capacity of Liquefied Natural Gas import terminals (Mt per year) - Shelved",,,87,3
461,CC.EG.CONS.COAL.PC,"Per capita daily coal consumption (short tons per capita per day)","Per capita data has been generated by World Bank staff by taking Energy consumption data [U.S EIA] and applying country population data from the World Bank Group - World Development Indicators.",,87,3
462,CC.EG.CONS.GAS.PC,"Per capita daily gas consumption (thousand cubic feet per capita per day)","Per capita data has been generated by World Bank staff by taking Energy consumption data [U.S EIA] and applying country population data from the World Bank Group - World Development Indicators.",,87,3
463,CC.EG.CONS.OIL.PC,"Per capita daily oil consumption (barrels per capita per day)","Per capita data has been generated by World Bank staff by taking Energy consumption data [U.S EIA] and applying country population data from the World Bank Group - World Development Indicators.",,87,3
464,CC.EG.SUBF.PC,"Fossil-fuel pre-tax subsidies (consumption and production) USD per capita","This indicator presents the pre-tax subsidies (consumption and production) on fossil fuels as an index of USD per capita. Data is taken from the United Nations Sustainable Goals, representing Indicator 12.c.1: Fossil-fuel subsidies (consumption and production) per capita (constant United States dollars).",,87,3
465,CC.ELEC.CON,"Electricity net consumption",,,87,3
466,CC.ENTX.ENE.ZS,"Total energy tax revenue (% of GDP)","Revenues from taxes raised on energy products (fossil fuels and electricity) including those used in transportation (petrol and diesel). This includes all CO2-related taxes.",,87,3
467,CC.ENTX.ENV.ZS,"Total environmental tax revenue (% of GDP)",,,87,3
468,CC.ENV.TRAD.EX,"Trade in environmental goods as share of total exports (%)","Environmental goods include both goods connected to environmental protection—such as goods related to pollution management and resource management—and adapted goods—which are goods that have been specifically modified to be more “environmentally friendly” or “cleaner.”    A relatively high share of environmental goods imports indicates that a country purchases a significant share of environmental goods from other countries. A relatively high share of environmental goods exports indicates that a country produces and sells a significant share of environmental goods to other countries. A country’s environmental goods trade balance is the difference between its exports and imports of environmental goods.",,87,3
469,CC.ENV.TRAD.IM,"Trade in environmental goods as share of total imports (%)","Environmental goods include both goods connected to environmental protection—such as goods related to pollution management and resource management—and adapted goods—which are goods that have been specifically modified to be more “environmentally friendly” or “cleaner.”    A relatively high share of environmental goods imports indicates that a country purchases a significant share of environmental goods from other countries. A relatively high share of environmental goods exports indicates that a country produces and sells a significant share of environmental goods to other countries. A country’s environmental goods trade balance is the difference between its exports and imports of environmental goods.",,87,3
470,CC.ESG.AGFE,"Employment by sector and gender (% of total) - Agriculture - Female","Employment of Females within Agriculture is disaggregated from the Global Jobs Indicators Database. The Database covers socio-demographics, labor force status and employment type, employment composition by sector and occupation, education level completed, hours worked, and earnings. The database was compiled from national surveys and subnational microdata which was first harmonized for the Bank-wide I2D2 database, then quality checked by the Jobs Group.",,87,3
471,CC.ESG.AGMA,"Employment by sector and gender (% of total) - Agriculture - Male","Employment of Males within Agriculture is disaggregated from the Global Jobs Indicators Database. The Database covers socio-demographics, labor force status and employment type, employment composition by sector and occupation, education level completed, hours worked, and earnings. The database was compiled from national surveys and subnational microdata which was first harmonized for the Bank-wide I2D2 database, then quality checked by the Jobs Group.",,87,3
472,CC.ESG.CMFE,"Employment by sector and gender (% of total) - Commerce - Female","Employment of Females within Commerce is disaggregated from the Global Jobs Indicators Database. The Database covers socio-demographics, labor force status and employment type, employment composition by sector and occupation, education level completed, hours worked, and earnings. The database was compiled from national surveys and subnational microdata which was first harmonized for the Bank-wide I2D2 database, then quality checked by the Jobs Group.",,87,3
473,CC.ESG.CMMA,"Employment by sector and gender (% of total) - Commerce - Male","Employment of Males within Commerce is disaggregated from the Global Jobs Indicators Database. The Database covers socio-demographics, labor force status and employment type, employment composition by sector and occupation, education level completed, hours worked, and earnings. The database was compiled from national surveys and subnational microdata which was first harmonized for the Bank-wide I2D2 database, then quality checked by the Jobs Group.",,87,3
474,CC.ESG.CNFE,"Employment by sector and gender (% of total) - Construction - Female","Employment of Females within Construction is disaggregated from the Global Jobs Indicators Database. The Database covers socio-demographics, labor force status and employment type, employment composition by sector and occupation, education level completed, hours worked, and earnings. The database was compiled from national surveys and subnational microdata which was first harmonized for the Bank-wide I2D2 database, then quality checked by the Jobs Group.",,87,3
475,CC.ESG.CNMA,"Employment by sector and gender (% of total) - Construction - Male","Employment of Males within Construction is disaggregated from the Global Jobs Indicators Database. The Database covers socio-demographics, labor force status and employment type, employment composition by sector and occupation, education level completed, hours worked, and earnings. The database was compiled from national surveys and subnational microdata which was first harmonized for the Bank-wide I2D2 database, then quality checked by the Jobs Group.",,87,3
476,CC.ESG.EUFE,"Employment by sector and gender (% of total) - Electricity and utilities - Female","Employment of Females within Electricity and Utilities is disaggregated from the Global Jobs Indicators Database. The Database covers socio-demographics, labor force status and employment type, employment composition by sector and occupation, education level completed, hours worked, and earnings. The database was compiled from national surveys and subnational microdata which was first harmonized for the Bank-wide I2D2 database, then quality checked by the Jobs Group.",,87,3
477,CC.ESG.EUMA,"Employment by sector and gender (% of total) - Electricity and utilities - Male","Employment of Males within Electricity and Utilities is disaggregated from the Global Jobs Indicators Database. The Database covers socio-demographics, labor force status and employment type, employment composition by sector and occupation, education level completed, hours worked, and earnings. The database was compiled from national surveys and subnational microdata which was first harmonized for the Bank-wide I2D2 database, then quality checked by the Jobs Group.",,87,3
478,CC.ESG.FBFE,"Employment by sector and gender (% of total) - Financial and Business Services - Female","Employment of Females within Financial and Business Services is disaggregated from the Global Jobs Indicators Database. The Database covers socio-demographics, labor force status and employment type, employment composition by sector and occupation, education level completed, hours worked, and earnings. The database was compiled from national surveys and subnational microdata which was first harmonized for the Bank-wide I2D2 database, then quality checked by the Jobs Group.",,87,3
479,CC.ESG.FBMA,"Employment by sector and gender (% of total) - Financial and Business Services - Male","Employment of Males within Financial and Business Services is disaggregated from the Global Jobs Indicators Database. The Database covers socio-demographics, labor force status and employment type, employment composition by sector and occupation, education level completed, hours worked, and earnings. The database was compiled from national surveys and subnational microdata which was first harmonized for the Bank-wide I2D2 database, then quality checked by the Jobs Group.",,87,3
480,CC.ESG.INFE,"Employment by sector and gender (% of total) - Industry - Female","Employment of Females within Industry is disaggregated from the Global Jobs Indicators Database. The Database covers socio-demographics, labor force status and employment type, employment composition by sector and occupation, education level completed, hours worked, and earnings. The database was compiled from national surveys and subnational microdata which was first harmonized for the Bank-wide I2D2 database, then quality checked by the Jobs Group.",,87,3
481,CC.ESG.INMA,"Employment by sector and gender (% of total) - Industry - Male","Employment of Males within Industry is disaggregated from the Global Jobs Indicators Database. The Database covers socio-demographics, labor force status and employment type, employment composition by sector and occupation, education level completed, hours worked, and earnings. The database was compiled from national surveys and subnational microdata which was first harmonized for the Bank-wide I2D2 database, then quality checked by the Jobs Group.",,87,3
482,CC.ESG.MAFE,"Employment by sector and gender (% of total) - Manufacturing - Female","Employment of Females within Manufacturing is disaggregated from the Global Jobs Indicators Database. The Database covers socio-demographics, labor force status and employment type, employment composition by sector and occupation, education level completed, hours worked, and earnings. The database was compiled from national surveys and subnational microdata which was first harmonized for the Bank-wide I2D2 database, then quality checked by the Jobs Group.",,87,3
483,CC.ESG.MAMA,"Employment by sector and gender (% of total) - Manufacturing - Male","Employment of Males within Manufacturing is disaggregated from the Global Jobs Indicators Database. The Database covers socio-demographics, labor force status and employment type, employment composition by sector and occupation, education level completed, hours worked, and earnings. The database was compiled from national surveys and subnational microdata which was first harmonized for the Bank-wide I2D2 database, then quality checked by the Jobs Group.",,87,3
484,CC.ESG.MIFE,"Employment by sector and gender (% of total) - Mining - Female","Employment of Females within Mining is disaggregated from the Global Jobs Indicators Database. The Database covers socio-demographics, labor force status and employment type, employment composition by sector and occupation, education level completed, hours worked, and earnings. The database was compiled from national surveys and subnational microdata which was first harmonized for the Bank-wide I2D2 database, then quality checked by the Jobs Group.",,87,3
485,CC.ESG.MIMA,"Employment by sector and gender (% of total) - Mining - Male","Employment of Males within Mining is disaggregated from the Global Jobs Indicators Database. The Database covers socio-demographics, labor force status and employment type, employment composition by sector and occupation, education level completed, hours worked, and earnings. The database was compiled from national surveys and subnational microdata which was first harmonized for the Bank-wide I2D2 database, then quality checked by the Jobs Group.",,87,3
486,CC.ESG.OSFE,"Employment by sector and gender (% of total) - Other services - Female","Employment of Females within Other services is disaggregated from the Global Jobs Indicators Database. The Database covers socio-demographics, labor force status and employment type, employment composition by sector and occupation, education level completed, hours worked, and earnings. The database was compiled from national surveys and subnational microdata which was first harmonized for the Bank-wide I2D2 database, then quality checked by the Jobs Group.",,87,3
487,CC.ESG.OSMA,"Employment by sector and gender (% of total) - Other services - Male","Employment of Males within Other services is disaggregated from the Global Jobs Indicators Database. The Database covers socio-demographics, labor force status and employment type, employment composition by sector and occupation, education level completed, hours worked, and earnings. The database was compiled from national surveys and subnational microdata which was first harmonized for the Bank-wide I2D2 database, then quality checked by the Jobs Group.",,87,3
488,CC.ESG.PAFE,"Employment by sector and gender (% of total) - Public Administration - Female","Employment of Females within Public Administration is disaggregated from the Global Jobs Indicators Database. The Database covers socio-demographics, labor force status and employment type, employment composition by sector and occupation, education level completed, hours worked, and earnings. The database was compiled from national surveys and subnational microdata which was first harmonized for the Bank-wide I2D2 database, then quality checked by the Jobs Group.",,87,3
489,CC.ESG.PAMA,"Employment by sector and gender (% of total) - Public Administration - Male","Employment of Males within Public Administration is disaggregated from the Global Jobs Indicators Database. The Database covers socio-demographics, labor force status and employment type, employment composition by sector and occupation, education level completed, hours worked, and earnings. The database was compiled from national surveys and subnational microdata which was first harmonized for the Bank-wide I2D2 database, then quality checked by the Jobs Group.",,87,3
490,CC.ESG.PSFE,"Employment by sector and gender (% of total) - Public sector employment - Female","Employment of Females within Public sector employment is disaggregated from the Global Jobs Indicators Database. The Database covers socio-demographics, labor force status and employment type, employment composition by sector and occupation, education level completed, hours worked, and earnings. The database was compiled from national surveys and subnational microdata which was first harmonized for the Bank-wide I2D2 database, then quality checked by the Jobs Group.",,87,3
491,CC.ESG.PSMA,"Employment by sector and gender (% of total) - Public sector employment - Male","Employment of Males within Public sector employment is disaggregated from the Global Jobs Indicators Database. The Database covers socio-demographics, labor force status and employment type, employment composition by sector and occupation, education level completed, hours worked, and earnings. The database was compiled from national surveys and subnational microdata which was first harmonized for the Bank-wide I2D2 database, then quality checked by the Jobs Group.",,87,3
492,CC.ESG.SEFE,"Employment by sector and gender (% of total) - Services - Female","Employment of Females within Services is disaggregated from the Global Jobs Indicators Database. The Database covers socio-demographics, labor force status and employment type, employment composition by sector and occupation, education level completed, hours worked, and earnings. The database was compiled from national surveys and subnational microdata which was first harmonized for the Bank-wide I2D2 database, then quality checked by the Jobs Group.",,87,3
493,CC.ESG.SEMA,"Employment by sector and gender (% of total) - Services - Male","Employment of Males within Services is disaggregated from the Global Jobs Indicators Database. The Database covers socio-demographics, labor force status and employment type, employment composition by sector and occupation, education level completed, hours worked, and earnings. The database was compiled from national surveys and subnational microdata which was first harmonized for the Bank-wide I2D2 database, then quality checked by the Jobs Group.",,87,3
494,CC.ESG.TCFE,"Employment by sector and gender (% of total) - Transport & Communication - Female","Employment of Females within Transport & Communication is disaggregated from the Global Jobs Indicators Database. The Database covers socio-demographics, labor force status and employment type, employment composition by sector and occupation, education level completed, hours worked, and earnings. The database was compiled from national surveys and subnational microdata which was first harmonized for the Bank-wide I2D2 database, then quality checked by the Jobs Group.",,87,3
495,CC.ESG.TCMA,"Employment by sector and gender (% of total) - Transport & Communication - Male","Employment of Males within Transport & Communication is disaggregated from the Global Jobs Indicators Database. The Database covers socio-demographics, labor force status and employment type, employment composition by sector and occupation, education level completed, hours worked, and earnings. The database was compiled from national surveys and subnational microdata which was first harmonized for the Bank-wide I2D2 database, then quality checked by the Jobs Group.",,87,3
496,CC.FGHG.SYS.CS,"Food GHG emissions by system stage (Share of total) - Consumption","Food GHG emissions disaggregated by system stage are generated from EDGAR-FOOD, a global emission inventory of GHGs from the food systems. EDGAR-FOOD has been developed to aid the understanding of the activities underlying the energy demand and use, agriculture and land use change emissions associated with the production, distribution, consumption and disposal of food through the various stages and sectors of the composite global food system. These data were complemented with data from the FAOSTAT database on GHG emissions from land use related to agriculture (FAO, 2020). EDGAR-FOOD represents the first database consistently covering each stage of the food chain for all countries with yearly frequency for the period 1990-2015. Details regarding the methodology applied are available in Crippa et al. (2021).",,87,3
497,CC.FGHG.SYS.LU,"Food GHG emissions by system stage (Share of total) - LULUC (Production)","Food GHG emissions disaggregated by system stage are generated from EDGAR-FOOD, a global emission inventory of GHGs from the food systems. EDGAR-FOOD has been developed to aid the understanding of the activities underlying the energy demand and use, agriculture and land use change emissions associated with the production, distribution, consumption and disposal of food through the various stages and sectors of the composite global food system. These data were complemented with data from the FAOSTAT database on GHG emissions from land use related to agriculture (FAO, 2020). EDGAR-FOOD represents the first database consistently covering each stage of the food chain for all countries with yearly frequency for the period 1990-2015. Details regarding the methodology applied are available in Crippa et al. (2021).",,87,3
498,CC.FGHG.SYS.PD,"Food GHG emissions by system stage (Share of total) - Production","Food GHG emissions disaggregated by system stage are generated from EDGAR-FOOD, a global emission inventory of GHGs from the food systems. EDGAR-FOOD has been developed to aid the understanding of the activities underlying the energy demand and use, agriculture and land use change emissions associated with the production, distribution, consumption and disposal of food through the various stages and sectors of the composite global food system. These data were complemented with data from the FAOSTAT database on GHG emissions from land use related to agriculture (FAO, 2020). EDGAR-FOOD represents the first database consistently covering each stage of the food chain for all countries with yearly frequency for the period 1990-2015. Details regarding the methodology applied are available in Crippa et al. (2021).",,87,3
499,CC.GHG.MEMG.EI,"Macro drivers of GHG emissions growth in the period 2012-2018 - Emission Intensity of GDP","Data reflects the impact of the emissions intensity of GDP (as a macro-driver) to total emission growth (excluding LUCF) across the period 2012-2018. This data has been calculated by World Bank staff using greenhouse gas emissions data from the World Resource Institute's Climate Watch. Climate Watch Historical Emission data contains sector-level greenhouse gas (GHG) emissions data for 194 countries and the European Union (EU) for the period 1990-2018, including emissions of the six major GHGs from most major sources and sinks. Non-CO2 emissions are expressed in CO2 equivalents using 100-year global warming potential values from IPCC Fourth Assessment Report. Climate Watch Historical GHG Emissions data (previously published through CAIT Climate Data Explorer) are derived from several sources. Any use of the Land-Use Change and Forestry or Agriculture indicator should be cited as FAO 2020, FAOSTAT Emissions Database. Any use of CO2 emissions from fuel combustion data should be cited as CO2 Emissions from Fuel Combustion, OECD/IEA, 2020.",,87,3
500,CC.GHG.MEMG.GC,"Macro drivers of GHG emissions growth in the period 2012-2018 - GDP per capita","Data reflects the impact of GDP-per capita (as a macro-driver) to total emission growth (excluding LUCF) across the period 2012-2018. This data has been calculated by World Bank staff using greenhouse gas emissions data from the World Resource Institute's Climate Watch. Climate Watch Historical Emission data contains sector-level greenhouse gas (GHG) emissions data for 194 countries and the European Union (EU) for the period 1990-2018, including emissions of the six major GHGs from most major sources and sinks. Non-CO2 emissions are expressed in CO2 equivalents using 100-year global warming potential values from IPCC Fourth Assessment Report. Climate Watch Historical GHG Emissions data (previously published through CAIT Climate Data Explorer) are derived from several sources. Any use of the Land-Use Change and Forestry or Agriculture indicator should be cited as FAO 2020, FAOSTAT Emissions Database. Any use of CO2 emissions from fuel combustion data should be cited as CO2 Emissions from Fuel Combustion, OECD/IEA, 2020.",,87,3
501,CC.INCP.ALRS,"Annual investment needs for coastal protection, by risk strategy (% of GDP) - low risk tolerance","Data reflects the cost of a risk taking strategy that adopts an ambititious low-risk strategy. This is discussed in Policy Note 5 of the Beyond the Gap report.",,87,3
502,CC.INCP.KRGC,"Annual investment needs for coastal protection, by risk strategy (% of GDP) - constant relative flood risk","Data reflects the cost of a risk taking strategy that keeps the risk relative to GDP constant. This is discussed in Policy Note 5 of the Beyond the Gap report.",,87,3
503,CC.INCP.SPMC,"Annual investment needs for coastal protection, by risk strategy (% of GDP) - optimal protection","Data reflects the level of spending in protection that minimizes the cost of floods, including the prevention of expenditure and damages. This is discussed in Policy Note 5 of the Beyond the Gap report.",,87,3
504,CC.ISG.FFFE,"Informal employment by sector and gender (% of total) - Agriculture, forestry and fishing - Female","This indicator presents the share of agriculture (female) employment which is classified as informal employment in the total economy. Data is taken from the United Nations Sustainable Goals, representing Indicator 8.3.1: Proportion of informal employment in total employment, by sector and sex.",,87,3
505,CC.ISG.FFMA,"Informal employment by sector and gender (% of total) - Agriculture, forestry and fishing - Male","This indicator presents the share of agriculture (male) employment which is classified as informal employment in the total economy. Data is taken from the United Nations Sustainable Goals, representing Indicator 8.3.1: Proportion of informal employment in total employment, by sector and sex.",,87,3
506,CC.ISG.NAFE,"Informal employment by sector and gender (% of total) - Non-agriculture - Female","This indicator presents the share of non-agriculture (female) employment which is classified as informal employment in the total economy. Data is taken from the United Nations Sustainable Goals, representing Indicator 8.3.1: Proportion of informal employment in total employment, by sector and sex.",,87,3
507,CC.ISG.NAMA,"Informal employment by sector and gender (% of total) - Non-agriculture - Male","This indicator presents the share of non-agriculture (male) employment which is classified as informal employment in the total economy. Data is taken from the United Nations Sustainable Goals, representing Indicator 8.3.1: Proportion of informal employment in total employment, by sector and sex.",,87,3
508,CC.ISG.NBFE,"Informal employment by sector and gender (% of total) - No breakdown - Female","This indicator presents the share of employment that had no-breakdown as either non-agricultural or agricultural (female), which is classified as informal employment in the total economy. Data is taken from the United Nations Sustainable Goals, representing Indicator 8.3.1: Proportion of informal employment in total employment, by sector and sex.",,87,3
509,CC.ISG.NBMA,"Informal employment by sector and gender (% of total) - No breakdown - Male","This indicator presents the share of employment that had no-breakdown as either non-agricultural or agricultural (male), which is classified as informal employment in the total economy. Data is taken from the United Nations Sustainable Goals, representing Indicator 8.3.1: Proportion of informal employment in total employment, by sector and sex.",,87,3
510,CC.NEFO.IMCR.BA,"Net food imports by crop - Barley","Net food imports are generated from FAOSTAT, taking Export level (tonnes) from the Import level (tonnes) [both under Trade: Crops and Livestock Products]. Net food imports are a proxy for the country's vulnerability to global food prices.",,87,3
511,CC.NEFO.IMCR.BP,"Net food imports by crop - Rice, paddy","Net food imports are generated from FAOSTAT, taking Export level (tonnes) from the Import level (tonnes) [both under Trade: Crops and Livestock Products]. Net food imports are a proxy for the country's vulnerability to global food prices.",,87,3
512,CC.NEFO.IMCR.MA,"Net food imports by crop - Maize","Net food imports are generated from FAOSTAT, taking Export level (tonnes) from the Import level (tonnes) [both under Trade: Crops and Livestock Products]. Net food imports are a proxy for the country's vulnerability to global food prices.",,87,3
513,CC.NEFO.IMCR.RB,"Net food imports by crop - Rice, broken","Net food imports are generated from FAOSTAT, taking Export level (tonnes) from the Import level (tonnes) [both under Trade: Crops and Livestock Products]. Net food imports are a proxy for the country's vulnerability to global food prices.",,87,3
514,CC.NEFO.IMCR.RE,"Net food imports by crop - Rice, paddy (rice milled equivalent)","Net food imports are generated from FAOSTAT, taking Export level (tonnes) from the Import level (tonnes) [both under Trade: Crops and Livestock Products]. Net food imports are a proxy for the country's vulnerability to global food prices.",,87,3
515,CC.NEFO.IMCR.RH,"Net food imports by crop - Rice, husked","Net food imports are generated from FAOSTAT, taking Export level (tonnes) from the Import level (tonnes) [both under Trade: Crops and Livestock Products]. Net food imports are a proxy for the country's vulnerability to global food prices.",,87,3
516,CC.NEFO.IMCR.RI,"Net food imports by crop - Rice, milled/husked","Net food imports are generated from FAOSTAT, taking Export level (tonnes) from the Import level (tonnes) [both under Trade: Crops and Livestock Products]. Net food imports are a proxy for the country's vulnerability to global food prices.",,87,3
517,CC.NEFO.IMCR.RM,"Net food imports by crop - Rice, milled","Net food imports are generated from FAOSTAT, taking Export level (tonnes) from the Import level (tonnes) [both under Trade: Crops and Livestock Products]. Net food imports are a proxy for the country's vulnerability to global food prices.",,87,3
518,CC.NEFO.IMCR.SB,"Net food imports by crop - Soybeans","Net food imports are generated from FAOSTAT, taking Export level (tonnes) from the Import level (tonnes) [both under Trade: Crops and Livestock Products]. Net food imports are a proxy for the country's vulnerability to global food prices.",,87,3
519,CC.NEFO.IMCR.WH,"Net food imports by crop - Wheat","Net food imports are generated from FAOSTAT, taking Export level (tonnes) from the Import level (tonnes) [both under Trade: Crops and Livestock Products]. Net food imports are a proxy for the country's vulnerability to global food prices.",,87,3
520,CC.RISK.AST.ZS,"Risk to asset (average annual losses as % of GDP)","Risk to asset indicator is intended to be viewed with risk to wellbeing indicator (both reported as average annual losses as % of GDP). The Unbreakable report which the indicators are taken from moves beyond asset and production losses and shifts its attention to how natural disasters affect people’s well-being. Disasters are far greater threats to well-being than traditional estimates suggest. This approach provides a more nuanced view of natural disasters than usual reporting, and a perspective that takes fuller account of poor people’s vulnerabilities.",,87,3
521,CC.RISK.WELL.ZS,"Risk to wellbeing (average annual losses as % of GDP)","Risk to wellbeing indicator is intended to be viewed with risk to asset indicator (both reported as average annual losses as % of GDP). The Unbreakable report which the indicators are taken from moves beyond asset and production losses and shifts its attention to how natural disasters affect people’s well-being. Disasters are far greater threats to well-being than traditional estimates suggest. This approach provides a more nuanced view of natural disasters than usual reporting, and a perspective that takes fuller account of poor people’s vulnerabilities.",,87,3
522,CC.SP.EXP.ZS,"Public social protection expenditure (%of GDP)",,,87,3
523,CC.TNET.INV.ZS,"Annual investments needed to make transport infrastructure more resilient by 2030 (% of baseline investment costs)",,,87,3
524,cfuel_any_dfcl_cogn_all,"Persons with clean cooking fuel (% of persons with any degree of cognitive difficulty)",,,92,3
525,CM.FIN.INTL.GD.ZS,"Financing via international capital markets (gross inflows, % of GDP)",,,57,3
526,CM.MKT.LCAP.CD,"Market capitalization of listed domestic companies (current US$)","Market capitalization (also known as market value) is the share price times the number of shares outstanding (including their several classes) for listed domestic companies. Investment funds, unit trusts, and companies whose only business goal is to hold shares of other listed companies are excluded. Data are end of year values converted to U.S. dollars using corresponding year-end foreign exchange rates.",,2,7
527,CM.MKT.LCAP.GD.ZS,"Market capitalization of listed domestic companies (% of GDP)","Market capitalization (also known as market value) is the share price times the number of shares outstanding (including their several classes) for listed domestic companies. Investment funds, unit trusts, and companies whose only business goal is to hold shares of other listed companies are excluded. Data are end of year values.",,2,7
528,CM.MKT.TRAD.CD,"Stocks traded, total value (current US$)","The value of shares traded is the total number of shares traded, both domestic and foreign, multiplied by their respective matching prices. Figures are single counted (only one side of the transaction is considered). Companies admitted to listing and admitted to trading are included in the data. Data are end of year values converted to U.S. dollars using corresponding year-end foreign exchange rates.",,2,7
529,CM.MKT.TRAD.GD.ZS,"Stocks traded, total value (% of GDP)","The value of shares traded is the total number of shares traded, both domestic and foreign, multiplied by their respective matching prices. Figures are single counted (only one side of the transaction is considered). Companies admitted to listing and admitted to trading are included in the data. Data are end of year values.",,2,7
530,CM.MKT.TRNR,"Stocks traded, turnover ratio of domestic shares (%)","Turnover ratio is the value of domestic shares traded divided by their market capitalization. The value is annualized by multiplying the monthly average by 12.",,2,7
531,cmpu_any_dfcl_cogn_all,"Persons using a computer (% of persons with  any degree of cognitive difficulty)",,,92,3
532,CoCA_fexp,"Affordability of an energy sufficient diet: ratio of cost to food expenditures",,,93,3
533,CoHD_fexp,"Affordability of a healthy diet: ratio of cost to food expenditures",,,93,3
534,con1.11,"Own a mobile phone, out of laborforce (% age 15+)",,,28,3
535,con1.12,"Own a mobile phone, in laborforce (% age 15+)",,,28,3
536,con10.11,"Can use WhatsApp on basic text phone, out of laborforce (% age 15+)",,,28,3
537,con10.12,"Can use WhatsApp on basic text phone, in laborforce (% age 15+)",,,28,3
538,con11.11,"SIM number registered in own name, out of laborforce (% age 15+)",,,28,3
539,con11.12,"SIM number registered in own name, in laborforce (% age 15+)",,,28,3
540,con12d.11,"Daily mobile phone use, out of laborforce (% age 15+)",,,28,3
541,con12d.12,"Daily mobile phone use, in laborforce (% age 15+)",,,28,3
542,con12m.11,"Monthly mobile phone use, out of laborforce (% age 15+)",,,28,3
543,con12m.12,"Monthly mobile phone use, in laborforce (% age 15+)",,,28,3
544,con12w.11,"Weekly mobile phone use, out of laborforce (% age 15+)",,,28,3
545,con12w.12,"Weekly mobile phone use, in laborforce (% age 15+)",,,28,3
546,con13.11,"Used a mobile phone in the past three months, out of laborforce (% age 15+)",,,28,3
547,con13.12,"Used a mobile phone in the past three months, in laborforce (% age 15+)",,,28,3
548,con14.11,"Read a text message on a mobile phone, out of laborforce (% age 15+)",,,28,3
549,con14.12,"Read a text message on a mobile phone, in laborforce (% age 15+)",,,28,3
550,con15.11,"Can read and understand a text message using English letters (% who, age 15+), out of laborforce (% age 15+)",,,28,3
551,con15.12,"Can read and understand a text message using English letters (% who, age 15+), in laborforce (% age 15+)",,,28,3
552,con16.11,"Can send a text message on a mobile phone, out of laborforce (% age 15+)",,,28,3
553,con16.12,"Can send a text message on a mobile phone, in laborforce (% age 15+)",,,28,3
554,con17a.11,"Prefers receiving government news by SMS or text, out of laborforce (% age 15+)",,,28,3
555,con17a.12,"Prefers receiving government news by SMS or text, in laborforce (% age 15+)",,,28,3
556,con17b.11,"Prefers receiving government news by phone call, out of laborforce (% age 15+)",,,28,3
557,con17b.12,"Prefers receiving government news by phone call, in laborforce (% age 15+)",,,28,3
558,con17c.11,"Prefers receiving government news by neither call or text, out of laborforce (% age 15+)",,,28,3
559,con17c.12,"Prefers receiving government news by neither call or text, in laborforce (% age 15+)",,,28,3
560,con17d.11,"Prefers receiving government news by both call or text, out of laborforce (% age 15+)",,,28,3
561,con17d.12,"Prefers receiving government news by both call or text, in laborforce (% age 15+)",,,28,3
562,con18.11,"Phone has a lock (PIN, password, fingerprint), out of laborforce (% age 15+)",,,28,3
563,con18.12,"Phone has a lock (PIN, password, fingerprint), in laborforce (% age 15+)",,,28,3
564,con19.11,"Can change PIN or password on mobile phone without help, out of laborforce (% age 15+)",,,28,3
565,con19.12,"Can change PIN or password on mobile phone without help, in laborforce (% age 15+)",,,28,3
566,con20.11,"Family member sets rules for mobile phone use, out of laborforce (% age 15+)",,,28,3
567,con20.12,"Family member sets rules for mobile phone use, in laborforce (% age 15+)",,,28,3
568,con21.11,"Received phone call or SMS asking for money in the past 12 months, out of laborforce (% age 15+)",,,28,3
569,con21.12,"Received phone call or SMS asking for money in the past 12 months, in laborforce (% age 15+)",,,28,3
570,con23.11,"Received unwanted offensive messages, photos, or videos, out of laborforce (% age 15+)",,,28,3
571,con23.12,"Received unwanted offensive messages, photos, or videos, in laborforce (% age 15+)",,,28,3
572,con26d.11,"Daily internet use, out of laborforce (% age 15+)",,,28,3
573,con26d.12,"Daily internet use, in laborforce (% age 15+)",,,28,3
574,con26lm.11,"Less than once a month internet use, out of laborforce (% age 15+)",,,28,3
575,con26lm.12,"Less than once a month internet use, in laborforce (% age 15+)",,,28,3
576,con26m.11,"Monthly internet use, out of laborforce (% age 15+)",,,28,3
577,con26m.12,"Monthly internet use, in laborforce (% age 15+)",,,28,3
578,con26w.11,"Weekly internet use, out of laborforce (% age 15+)",,,28,3
579,con26w.12,"Weekly internet use, in laborforce (% age 15+)",,,28,3
580,con27.11,"Buys data package for internet use, out of laborforce (% age 15+)",,,28,3
581,con27.12,"Buys data package for internet use, in laborforce (% age 15+)",,,28,3
582,con28d.11,"Buys data package daily, out of laborforce (% age 15+)",,,28,3
583,con28d.12,"Buys data package daily, in laborforce (% age 15+)",,,28,3
584,con28lm.11,"Buys data package less than once a month, out of laborforce (% age 15+)",,,28,3
585,con28lm.12,"Buys data package less than once a month, in laborforce (% age 15+)",,,28,3
586,con28m.11,"Buys data package monthly, out of laborforce (% age 15+)",,,28,3
587,con28m.12,"Buys data package monthly, in laborforce (% age 15+)",,,28,3
588,con28w.11,"Buys data package weekly, out of laborforce (% age 15+)",,,28,3
589,con28w.12,"Buys data package weekly, in laborforce (% age 15+)",,,28,3
590,con29.11,"Connects to Internet only through free WiFi, out of laborforce (% age 15+)",,,28,3
591,con29.12,"Connects to Internet only through free WiFi, in laborforce (% age 15+)",,,28,3
592,con2a.11,"No mobile phone due to lack of money, out of laborforce (% age 15+)",,,28,3
593,con2a.12,"No mobile phone due to lack of money, in laborforce (% age 15+)",,,28,3
594,con2b.11,"No mobile phone due to expensive minutes, out of laborforce (% age 15+)",,,28,3
595,con2b.12,"No mobile phone due to expensive minutes, in laborforce (% age 15+)",,,28,3
596,con2c.11,"No mobile phone due to unreliable coverage, out of laborforce (% age 15+)",,,28,3
597,con2c.12,"No mobile phone due to unreliable coverage, in laborforce (% age 15+)",,,28,3
598,con2d.11,"No mobile phone due to reading or typing difficulties, out of laborforce (% age 15+)",,,28,3
599,con2d.12,"No mobile phone due to reading or typing difficulties, in laborforce (% age 15+)",,,28,3
600,con2e.11,"No mobile phone due to family or community disapproval, out of laborforce (% age 15+)",,,28,3
601,con2e.12,"No mobile phone due to family or community disapproval, in laborforce (% age 15+)",,,28,3
602,con2f.11,"No mobile phone due to personal safety concerns, out of laborforce (% age 15+)",,,28,3
603,con2f.12,"No mobile phone due to personal safety concerns, in laborforce (% age 15+)",,,28,3
604,con2g.11,"No mobile phone because using someone else's phone, out of laborforce (% age 15+)",,,28,3
605,con2g.12,"No mobile phone because using someone else's phone, in laborforce (% age 15+)",,,28,3
606,con30a.11,"Sent a voice message in past three months, out of laborforce (% age 15+)",,,28,3
607,con30a.12,"Sent a voice message in past three months, in laborforce (% age 15+)",,,28,3
608,con30b.11,"Sent a photo in past three months, out of laborforce (% age 15+)",,,28,3
609,con30b.12,"Sent a photo in past three months, in laborforce (% age 15+)",,,28,3
610,con30c.11,"Used social media in past three months, out of laborforce (% age 15+)",,,28,3
611,con30c.12,"Used social media in past three months, in laborforce (% age 15+)",,,28,3
612,con30d.11,"Read news online in past three months, out of laborforce (% age 15+)",,,28,3
613,con30d.12,"Read news online in past three months, in laborforce (% age 15+)",,,28,3
614,con30e.11,"Accessed online info to learn/train/educate in past three months, out of laborforce (% age 15+)",,,28,3
615,con30e.12,"Accessed online info to learn/train/educate in past three months, in laborforce (% age 15+)",,,28,3
616,con30f.11,"Used apps/websites to earn money in past three months, out of laborforce (% age 15+)",,,28,3
617,con30f.12,"Used apps/websites to earn money in past three months, in laborforce (% age 15+)",,,28,3
618,con30g.11,"Accessed government services/info online in past three months, out of laborforce (% age 15+)",,,28,3
619,con30g.12,"Accessed government services/info online in past three months, in laborforce (% age 15+)",,,28,3
620,con30h.11,"Searched/applied for a job online in past three months, out of laborforce (% age 15+)",,,28,3
621,con30h.12,"Searched/applied for a job online in past three months, in laborforce (% age 15+)",,,28,3
622,con31a.11,"Does not own a smartphone due to cost, out of laborforce (% age 15+)",,,28,3
623,con31a.12,"Does not own a smartphone due to cost, in laborforce (% age 15+)",,,28,3
624,con31b.11,"Does not own a smartphone due to data cost, out of laborforce (% age 15+)",,,28,3
625,con31b.12,"Does not own a smartphone due to data cost, in laborforce (% age 15+)",,,28,3
626,con31c.11,"Does not own a smartphone due to lack of reliable internet coverage, out of laborforce (% age 15+)",,,28,3
627,con31c.12,"Does not own a smartphone due to lack of reliable internet coverage, in laborforce (% age 15+)",,,28,3
628,con31d.11,"Does not own a smartphone due to difficulty reading/typing on a smartphone, out of laborforce (% age 15+)",,,28,3
629,con31d.12,"Does not own a smartphone due to difficulty reading/typing on a smartphone, in laborforce (% age 15+)",,,28,3
630,con31f.11,"Does not own a smartphone due to safety/security concerns, out of laborforce (% age 15+)",,,28,3
631,con31f.12,"Does not own a smartphone due to safety/security concerns, in laborforce (% age 15+)",,,28,3
632,con31h.11,"Does not own a smartphone because they don't need one, out of laborforce (% age 15+)",,,28,3
633,con31h.12,"Does not own a smartphone because they don't need one, in laborforce (% age 15+)",,,28,3
634,con32a.11,"Main reason for not owning a smartphone: lack of money, out of laborforce (% age 15+)",,,28,3
635,con32a.12,"Main reason for not owning a smartphone: lack of money, in laborforce (% age 15+)",,,28,3
636,con32h.11,"Main reason for not owning a smartphone: no need for a smartphone, out of laborforce (% age 15+)",,,28,3
637,con32h.12,"Main reason for not owning a smartphone: no need for a smartphone, in laborforce (% age 15+)",,,28,3
638,con3a.11,"Main reason for no phone: Not enough money, out of laborforce (% age 15+)",,,28,3
639,con3a.12,"Main reason for no phone: Not enough money, in laborforce (% age 15+)",,,28,3
640,con4.11,"Used someone else's phone in past three months, out of laborforce (% age 15+)",,,28,3
641,con4.12,"Used someone else's phone in past three months, in laborforce (% age 15+)",,,28,3
642,con5a.11,"Phone used was a smartphone, out of laborforce (% age 15+)",,,28,3
643,con5a.12,"Phone used was a smartphone, in laborforce (% age 15+)",,,28,3
644,con5b.11,"Phone used was a basic text phone, out of laborforce (% age 15+)",,,28,3
645,con5b.12,"Phone used was a basic text phone, in laborforce (% age 15+)",,,28,3
646,con8.11,"Someone in household owns a mobile phone, out of laborforce (% age 15+)",,,28,3
647,con8.12,"Someone in household owns a mobile phone, in laborforce (% age 15+)",,,28,3
648,con9a.11,"Main mobile phone is a smartphone, out of laborforce (% age 15+)",,,28,3
649,con9a.12,"Main mobile phone is a smartphone, in laborforce (% age 15+)",,,28,3
650,con9b.11,"Main mobile phone is a basic text phone, out of laborforce (% age 15+)",,,28,3
651,con9b.12,"Main mobile phone is a basic text phone, in laborforce (% age 15+)",,,28,3
652,CoNA_fexp,"Affordability of a nutrient adequate diet: ratio of cost to food expenditures",,,93,3
653,CPTOTNSXN,"CPI Price, nominal","The consumer price index reflects the change in prices for the average consumer of a constant basket of consumer goods. Data is not seasonally adjusted.",,15,3
654,CPTOTSAXMZGY,"CPI Price, % y-o-y, median weighted, seas. adj.","Median inflation rate calculated for geographical aggregates (regions, world, etc) of the annual percent change of the CPI. Data is seasonally adjusted.",,15,3
655,CPTOTSAXN,"CPI Price, nominal, seas. adj.","The consumer price index reflects the change in prices for the average consumer of a constant basket of consumer goods. Data is in nominal terms and seasonally adjusted.",,15,3
656,CPTOTSAXNZGY,"CPI Price, % y-o-y, nominal, seas. adj.","The consumer price index reflects the change in prices for the average consumer of a constant basket of consumer goods. Data is in nominal percentage terms, measured on a year-on-year basis, and seasonally adjusted.",,15,3
657,CRPFM-10,"Compliance of climate-related expenditure",,,91,3
658,CRPFM-11,"Climate-responsive fiscal decentralization",,,91,3
659,CRPFM-11.1,"Climate-responsive fiscal decentralization arrangements",,,91,3
660,CRPFM-11.2,"Climate-responsive fiscal transfers",,,91,3
661,CRPFM-13.1,"Climate-related evaluation of expenditure",,,91,3
662,CRPFM-13.2,"Climate-related evaluation of taxes",,,91,3
663,CRPFM-14,"Expenditure  outturn for climate activities",,,91,3
664,CRPFM-14.1,"Aggregate climate related-expenditure outturn",,,91,3
665,CRPFM-14.2,"Climate-related expenditure composition outturn",,,91,3
666,CRPFM-2,"Tracking climate-related expenditure",,,91,3
667,CRPFM-2.1,"Tracking climate-related expenditure",,,91,3
668,CRPFM-5,"Climate-responsive public investment management",,,91,3
669,CRPFM-5.1,"Climate-responsive  provisions in regulatory framework for public investment management",,,91,3
670,CRPFM-7.1,"Fiscal risks arising from climate-related contingent liabilities",,,91,3
671,CRPFM-7.2,"Climate-related debt and guarantees",,,91,3
672,CRPFM-9,"Climate-responsive tax administration",,,91,3
673,CRPFM-9.1,"Climate-related tax management, audit, and investigation",,,91,3
674,CRPFM-9.2,"Climate-related tax arrears",,,91,3
675,DAK.TRAD.CR,"Total Specific Allocation Grant for Trade (in IDR Billion)","The Specific Allocation Grant (DAK) is a fund sourced from revenue in the Central Budget (APBN) allocated to a certain region with the aim of funding special activities of the region in accordance with national priorities. The DAK allocation has a formula component that takes into account the fiscal gap and has a 10 percent matching requirement. The DAK is earmarked for capital spending and cannot be used for research, training, administration, or official travel.",,45,3
676,DB.DOD.DLXF.CD,"Central Government External Debt (US$)",,,57,3
677,DC.ODA.TLDC.GN.ZS,"Net ODA provided to the least developed countries (% of GNI)","Net Official development assistance (ODA) comprises grants or loans to developing countries and territories on the OECD/DAC list of aid recipients that are undertaken by the official sector with promotion of economic development and welfare as the main objective and at concessional financial terms. The list of least developed countries (LDCs) has been agreed by the General Assembly, on the recommendation of the Committee for Development Policy, Economic and Social Council. Series is shown as a share of donors' GNI.",,2,18
678,DC.ODA.TOTL.GN.ZS,"Net ODA provided, total (% of GNI)","Net Official development assistance (ODA) comprises grants or loans to developing countries and territories on the OECD/DAC list of aid recipients that are undertaken by the official sector with promotion of economic development and welfare as the main objective and at concessional financial terms. It is shown as a share of donors' GNI.",,2,18
679,DE.DOD.DLXF.CD,"Non-financial Pub. Enterprises Ext. Debt (US$)",,,57,3
680,DG.DOD.MWBG.CD,"Pub. LT Debt, IBRD&IDA (US$, IBRD DRS - end of year)",,,57,3
681,DG.DOD.OFFL.CD,"Pub. LT Debt, Official Creditors(US$, IBRD DRS)",,,57,3
682,DG.DOD.PRVT.CD,"Pub. LT Debt, Private Creditors (US$, IBRD DRS)",,,57,3
683,DG.DOD.TOTL.CD,"Public/Pub. Guar. Long-Term Debt(US$, IBRD DRS)",,,57,3
684,dig.acc.11,"Digitally enabled account, out of laborforce (% age 15+)",,,28,3
685,dig.acc.12,"Digitally enabled account, in laborforce (% age 15+)",,,28,3
686,DL.DOD.LTRM.CD,"Long-Term Debt (by debtor)",,,57,3
687,DL.DOD.NFPE.CD,"Non-financial Public Enterprices",,,57,3
688,DM.DOD.DLTF.CD,"Central Bank Ext. Debt, incl. IMF credit (US$)",,,57,3
689,DMGSRMRCHNSCD,"Imports Merchandise, Customs, current US$, millions","Merchandise (goods) imports, cost, insurance and freight basis (c.i.f.), in current US$ millions, not seasonally adjusted.",,15,3
690,DMGSRMRCHNSKD,"Imports Merchandise, Customs, constant US$, millions","Merchandise (goods) imports, cost, insurance and freight basis (c.i.f.), in constant US$ millions, not seasonally adjusted. The base year is 2005.",,15,3
691,DMGSRMRCHNSXD,"Imports Merchandise, Customs, Price, US$","The price index of Merchandise (goods) imports, cost, insurance and freight basis (c.i.f.), in constant US$ millions, not seasonally adjusted. The base year is 2005.",,15,3
692,DMGSRMRCHSACD,"Imports Merchandise, Customs, current US$, millions, seas. adj.","Merchandise (goods) imports, cost, insurance and freight basis (c.i.f.), in current US$ millions, seasonally adjusted.",,15,3
693,DMGSRMRCHSAKD,"Imports Merchandise, Customs, constant US$, millions, seas. adj.","Merchandise (goods) exports, cost, insurance and freight basis (c.i.f.), in constant US$ millions, seasonally adjusted. The base year is 2005.",,15,3
694,DMGSRMRCHSAXD,"Imports Merchandise, Customs, Price, US$, seas. adj.","The price index of Merchandise (goods) imports, cost, insurance and freight basis (c.i.f.), in constant US$ millions, seasonally adjusted. The base year is 2005.",,15,3
695,DN.DOD.TOTL.CD,"Non-guar. Private Long-Term Debt(US$, IBRD DRS)",,,57,3
696,DP.DOD.DECD.CR.BC.Z1,"Gross PSD, Budgetary Central Gov., All maturities, All instruments, Domestic creditors, Nominal Value, % of GDP","The source of non-seasonally adjusted Gross Domestic Product (GDP) data in national currency, at current prices, is the International Finance Statistics quarterly database of the IMF, annualized by the World Bank, unless otherwise specified.",,20,3
697,DP.DOD.DECD.CR.CG.Z1,"Gross PSD, Central Gov., All maturities, All instruments, Domestic creditors, Nominal Value, % of GDP","The source of non-seasonally adjusted Gross Domestic Product (GDP) data in national currency, at current prices, is the International Finance Statistics quarterly database of the IMF, annualized by the World Bank, unless otherwise specified.",,20,3
698,DP.DOD.DECD.CR.FC.Z1,"Gross PSD, Financial Public Corp., All maturities, All instruments, Domestic creditors, Nominal Value, % of GDP","The source of non-seasonally adjusted Gross Domestic Product (GDP) data in national currency, at current prices, is the International Finance Statistics quarterly database of the IMF, annualized by the World Bank, unless otherwise specified.",,20,3
699,DP.DOD.DECD.CR.GG.Z1,"Gross PSD, General Gov., All maturities, All instruments, Domestic creditors, Nominal Value, % of GDP","The source of non-seasonally adjusted Gross Domestic Product (GDP) data in national currency, at current prices, is the International Finance Statistics quarterly database of the IMF, annualized by the World Bank, unless otherwise specified.",,20,3
700,DP.DOD.DECD.CR.NF.Z1,"Gross PSD, Nonfinancial Public Corp., All maturities, All instruments, Domestic creditors, Nominal Value, % of GDP","The source of non-seasonally adjusted Gross Domestic Product (GDP) data in national currency, at current prices, is the International Finance Statistics quarterly database of the IMF, annualized by the World Bank, unless otherwise specified.",,20,3
701,DP.DOD.DECF.CR.BC.Z1,"Gross PSD, Budgetary Central Gov., All maturities, All instruments, Foreign currency, Nominal Value, % of GDP","The source of non-seasonally adjusted Gross Domestic Product (GDP) data in national currency, at current prices, is the International Finance Statistics quarterly database of the IMF, annualized by the World Bank, unless otherwise specified.",,20,3
702,DP.DOD.DECF.CR.CG.Z1,"Gross PSD, Central Gov., All maturities, All instruments, Foreign currency, Nominal Value, % of GDP","The source of non-seasonally adjusted Gross Domestic Product (GDP) data in national currency, at current prices, is the International Finance Statistics quarterly database of the IMF, annualized by the World Bank, unless otherwise specified.",,20,3
703,DP.DOD.DECF.CR.FC.Z1,"Gross PSD, Financial Public Corp., All maturities, All instruments, Foreign currency, Nominal Value, % of GDP","The source of non-seasonally adjusted Gross Domestic Product (GDP) data in national currency, at current prices, is the International Finance Statistics quarterly database of the IMF, annualized by the World Bank, unless otherwise specified.",,20,3
704,DP.DOD.DECF.CR.GG.Z1,"Gross PSD, General Gov., All maturities, All instruments, Foreign currency, Nominal Value, % of GDP","The source of non-seasonally adjusted Gross Domestic Product (GDP) data in national currency, at current prices, is the International Finance Statistics quarterly database of the IMF, annualized by the World Bank, unless otherwise specified.",,20,3
705,DP.DOD.DECF.CR.NF.Z1,"Gross PSD, Nonfinancial Public Corp., All maturities, All instruments, Foreign currency, Nominal Value, % of GDP","The source of non-seasonally adjusted Gross Domestic Product (GDP) data in national currency, at current prices, is the International Finance Statistics quarterly database of the IMF, annualized by the World Bank, unless otherwise specified.",,20,3
706,DP.DOD.DECN.CR.BC.Z1,"Gross PSD, Budgetary Central Gov., All maturities, All instruments, Domestic currency, Nominal Value, % of GDP","The source of non-seasonally adjusted Gross Domestic Product (GDP) data in national currency, at current prices, is the International Finance Statistics quarterly database of the IMF, annualized by the World Bank, unless otherwise specified.",,20,3
707,DP.DOD.DECN.CR.CG.Z1,"Gross PSD, Central Gov., All maturities, All instruments, Domestic currency, Nominal Value, % of GDP","The source of non-seasonally adjusted Gross Domestic Product (GDP) data in national currency, at current prices, is the International Finance Statistics quarterly database of the IMF, annualized by the World Bank, unless otherwise specified.",,20,3
708,DP.DOD.DECN.CR.FC.Z1,"Gross PSD, Financial Public Corp., All maturities, All instruments, Domestic currency, Nominal Value, % of GDP","The source of non-seasonally adjusted Gross Domestic Product (GDP) data in national currency, at current prices, is the International Finance Statistics quarterly database of the IMF, annualized by the World Bank, unless otherwise specified.",,20,3
709,DP.DOD.DECN.CR.GG.Z1,"Gross PSD, General Gov., All maturities, All instruments, Domestic currency, Nominal Value, % of GDP","The source of non-seasonally adjusted Gross Domestic Product (GDP) data in national currency, at current prices, is the International Finance Statistics quarterly database of the IMF, annualized by the World Bank, unless otherwise specified.",,20,3
710,DP.DOD.DECN.CR.NF.Z1,"Gross PSD, Nonfinancial Public Corp., All maturities, All instruments, Domestic currency, Nominal Value, % of GDP","The source of non-seasonally adjusted Gross Domestic Product (GDP) data in national currency, at current prices, is the International Finance Statistics quarterly database of the IMF, annualized by the World Bank, unless otherwise specified.",,20,3
711,DP.DOD.DECT.CR.BC.Z1,"Gross PSD, Budgetary Central Gov., All maturities, All instruments, Nominal Value, % of GDP","The source of non-seasonally adjusted Gross Domestic Product (GDP) data in national currency, at current prices, is the International Finance Statistics quarterly database of the IMF, annualized by the World Bank, unless otherwise specified.",,20,3
712,DP.DOD.DECT.CR.CG.Z1,"Gross PSD, Central Gov., All maturities, All instruments, Nominal Value, % of GDP","The source of non-seasonally adjusted Gross Domestic Product (GDP) data in national currency, at current prices, is the International Finance Statistics quarterly database of the IMF, annualized by the World Bank, unless otherwise specified.",,20,3
713,DP.DOD.DECT.CR.FC.Z1,"Gross PSD, Financial Public Corp., All maturities, All instruments, Nominal Value, % of GDP","The source of non-seasonally adjusted Gross Domestic Product (GDP) data in national currency, at current prices, is the International Finance Statistics quarterly database of the IMF, annualized by the World Bank, unless otherwise specified.",,20,3
714,DP.DOD.DECT.CR.GG.Z1,"Gross PSD, General Gov., All maturities, All instruments, Nominal Value, % of GDP","The source of non-seasonally adjusted Gross Domestic Product (GDP) data in national currency, at current prices, is the International Finance Statistics quarterly database of the IMF, annualized by the World Bank, unless otherwise specified.",,20,3
715,DP.DOD.DECT.CR.NF.Z1,"Gross PSD, Nonfinancial Public Corp., All maturities, All instruments, Nominal Value, % of GDP","The source of non-seasonally adjusted Gross Domestic Product (GDP) data in national currency, at current prices, is the International Finance Statistics quarterly database of the IMF, annualized by the World Bank, unless otherwise specified.",,20,3
716,DP.DOD.DECX.CR.BC.Z1,"Gross PSD, Budgetary Central Gov., All maturities, All instruments, External creditors, Nominal Value, % of GDP","The source of non-seasonally adjusted Gross Domestic Product (GDP) data in national currency, at current prices, is the International Finance Statistics quarterly database of the IMF, annualized by the World Bank, unless otherwise specified.",,20,3
717,DP.DOD.DECX.CR.CG.Z1,"Gross PSD, Central Gov., All maturities, All instruments, External creditors, Nominal Value, % of GDP","The source of non-seasonally adjusted Gross Domestic Product (GDP) data in national currency, at current prices, is the International Finance Statistics quarterly database of the IMF, annualized by the World Bank, unless otherwise specified.",,20,3
718,DP.DOD.DECX.CR.FC.Z1,"Gross PSD, Financial Public Corp., All maturities, All instruments, External creditors, Nominal Value, % of GDP","The source of non-seasonally adjusted Gross Domestic Product (GDP) data in national currency, at current prices, is the International Finance Statistics quarterly database of the IMF, annualized by the World Bank, unless otherwise specified.",,20,3
719,DP.DOD.DECX.CR.GG.Z1,"Gross PSD, General Gov., All maturities, All instruments, External creditors, Nominal Value, % of GDP","The source of non-seasonally adjusted Gross Domestic Product (GDP) data in national currency, at current prices, is the International Finance Statistics quarterly database of the IMF, annualized by the World Bank, unless otherwise specified.",,20,3
720,DP.DOD.DECX.CR.NF.Z1,"Gross PSD, Nonfinancial Public Corp., All maturities, All instruments, External creditors, Nominal Value, % of GDP","The source of non-seasonally adjusted Gross Domestic Product (GDP) data in national currency, at current prices, is the International Finance Statistics quarterly database of the IMF, annualized by the World Bank, unless otherwise specified.",,20,3
721,DP.DOD.DLCD.CR.BC.Z1,"Gross PSD, Budgetary Central Gov., All maturities, Currency and deposits, Nominal Value, % of GDP","The source of non-seasonally adjusted Gross Domestic Product (GDP) data in national currency, at current prices, is the International Finance Statistics quarterly database of the IMF, annualized by the World Bank, unless otherwise specified.",,20,3
722,DP.DOD.DLCD.CR.CG.Z1,"Gross PSD, Central Gov., All maturities, Currency and deposits, Nominal Value, % of GDP","The source of non-seasonally adjusted Gross Domestic Product (GDP) data in national currency, at current prices, is the International Finance Statistics quarterly database of the IMF, annualized by the World Bank, unless otherwise specified.",,20,3
723,DP.DOD.DLCD.CR.FC.Z1,"Gross PSD, Financial Public Corp., All maturities, Currency and deposits, Nominal Value, % of GDP","The source of non-seasonally adjusted Gross Domestic Product (GDP) data in national currency, at current prices, is the International Finance Statistics quarterly database of the IMF, annualized by the World Bank, unless otherwise specified.",,20,3
724,DP.DOD.DLCD.CR.GG.Z1,"Gross PSD, General Gov., All maturities, Currency and deposits, Nominal Value, % of GDP","The source of non-seasonally adjusted Gross Domestic Product (GDP) data in national currency, at current prices, is the International Finance Statistics quarterly database of the IMF, annualized by the World Bank, unless otherwise specified.",,20,3
725,DP.DOD.DLCD.CR.L1.BC.Z1,"Gross PSD, Budgetary Central Gov., Long-term, With payment due in one year or less, Currency and deposits, Nominal Value, % of GDP","The source of non-seasonally adjusted Gross Domestic Product (GDP) data in national currency, at current prices, is the International Finance Statistics quarterly database of the IMF, annualized by the World Bank, unless otherwise specified.",,20,3
726,DP.DOD.DLCD.CR.L1.CG.Z1,"Gross PSD, Central Gov., Long-term, With payment due in one year or less, Currency and deposits, Nominal Value, % of GDP","The source of non-seasonally adjusted Gross Domestic Product (GDP) data in national currency, at current prices, is the International Finance Statistics quarterly database of the IMF, annualized by the World Bank, unless otherwise specified.",,20,3
727,DP.DOD.DLCD.CR.L1.FC.Z1,"Gross PSD, Financial Public Corp., Long-term, With payment due in one year or less, Currency and deposits, Nominal Value, % of GDP","The source of non-seasonally adjusted Gross Domestic Product (GDP) data in national currency, at current prices, is the International Finance Statistics quarterly database of the IMF, annualized by the World Bank, unless otherwise specified.",,20,3
728,DP.DOD.DLCD.CR.L1.GG.Z1,"Gross PSD, General Gov., Long-term, With payment due in one year or less, Currency and deposits, Nominal Value, % of GDP","The source of non-seasonally adjusted Gross Domestic Product (GDP) data in national currency, at current prices, is the International Finance Statistics quarterly database of the IMF, annualized by the World Bank, unless otherwise specified.",,20,3
729,DP.DOD.DLCD.CR.L1.NF.Z1,"Gross PSD, Nonfinancial Public Corp., Long-term, With payment due in one year or less, Currency and deposits, Nominal Value, % of GDP","The source of non-seasonally adjusted Gross Domestic Product (GDP) data in national currency, at current prices, is the International Finance Statistics quarterly database of the IMF, annualized by the World Bank, unless otherwise specified.",,20,3
730,DP.DOD.DLCD.CR.M1.BC.Z1,"Gross PSD, Budgetary Central Gov., Long-term, With payment due in more than one year, Currency and deposits, Nominal Value, % of GDP","The source of non-seasonally adjusted Gross Domestic Product (GDP) data in national currency, at current prices, is the International Finance Statistics quarterly database of the IMF, annualized by the World Bank, unless otherwise specified.",,20,3
731,DP.DOD.DLCD.CR.M1.CG.Z1,"Gross PSD, Central Gov., Long-term, With payment due in more than one year, Currency and deposits, Nominal Value, % of GDP","The source of non-seasonally adjusted Gross Domestic Product (GDP) data in national currency, at current prices, is the International Finance Statistics quarterly database of the IMF, annualized by the World Bank, unless otherwise specified.",,20,3
732,DP.DOD.DLCD.CR.M1.FC.Z1,"Gross PSD, Financial Public Corp., Long-term, With payment due in more than one year, Currency and deposits, Nominal Value, % of GDP","The source of non-seasonally adjusted Gross Domestic Product (GDP) data in national currency, at current prices, is the International Finance Statistics quarterly database of the IMF, annualized by the World Bank, unless otherwise specified.",,20,3
733,DP.DOD.DLCD.CR.M1.GG.Z1,"Gross PSD, General Gov., Long-term, With payment due in more than one year, Currency and deposits, Nominal Value, % of GDP","The source of non-seasonally adjusted Gross Domestic Product (GDP) data in national currency, at current prices, is the International Finance Statistics quarterly database of the IMF, annualized by the World Bank, unless otherwise specified.",,20,3
734,DP.DOD.DLCD.CR.M1.NF.Z1,"Gross PSD, Nonfinancial Public Corp., Long-term, With payment due in more than one year, Currency and deposits, Nominal Value, % of GDP","The source of non-seasonally adjusted Gross Domestic Product (GDP) data in national currency, at current prices, is the International Finance Statistics quarterly database of the IMF, annualized by the World Bank, unless otherwise specified.",,20,3
735,DP.DOD.DLCD.CR.NF.Z1,"Gross PSD, Nonfinancial Public Corp., All maturities, Currency and deposits, Nominal Value, % of GDP","The source of non-seasonally adjusted Gross Domestic Product (GDP) data in national currency, at current prices, is the International Finance Statistics quarterly database of the IMF, annualized by the World Bank, unless otherwise specified.",,20,3
736,DP.DOD.DLD1.CR.CG.CD,"Gross PSD, Central Gov.-D1, All maturities, Debt securities + loans, Nominal Value, US$","Debt Securities CG + Loans CG",,20,3
737,DP.DOD.DLD1.CR.CG.Z1,"Gross PSD, Central Gov.-D1, All maturities, Debt securities + loans, Nominal Value, % of GDP","The source of non-seasonally adjusted Gross Domestic Product (GDP) data in national currency, at current prices, is the International Finance Statistics quarterly database of the IMF, annualized by the World Bank, unless otherwise specified.",,20,3
738,DP.DOD.DLD1.CR.GG.CD,"Gross PSD, General Gov.-D1, All maturities, Debt securities + loans, Nominal Value, US$","Debt Securities GG + Loans GG",,20,3
739,DP.DOD.DLD1.CR.GG.Z1,"Gross PSD, General Gov.-D1, All maturities, Debt securities + loans, Nominal Value, % of GDP","The source of non-seasonally adjusted Gross Domestic Product (GDP) data in national currency, at current prices, is the International Finance Statistics quarterly database of the IMF, annualized by the World Bank, unless otherwise specified.",,20,3
740,DP.DOD.DLD2.CR.CG.Z1,"Gross PSD, Central Gov.-D2, All maturities, D1+ SDRs + currency and deposits, Nominal Value, % of GDP","The source of non-seasonally adjusted Gross Domestic Product (GDP) data in national currency, at current prices, is the International Finance Statistics quarterly database of the IMF, annualized by the World Bank, unless otherwise specified.",,20,3
741,DP.DOD.DLD2.CR.GG.Z1,"Gross PSD, General Gov.-D2, All maturities, D1+ SDRs + currency and deposits, Nominal Value, % of GDP","The source of non-seasonally adjusted Gross Domestic Product (GDP) data in national currency, at current prices, is the International Finance Statistics quarterly database of the IMF, annualized by the World Bank, unless otherwise specified.",,20,3
742,DP.DOD.DLD2A.CR.CG.CD,"Gross PSD, Central Gov.-D2A, All maturities, D1+ currency and deposits, Maastricht debt, US$",,,20,3
743,DP.DOD.DLD2A.CR.CG.Z1,"Gross PSD, Central Gov.-D2A, All maturities, D1+ currency and deposits, Maastricht debt, % of GDP","The source of non-seasonally adjusted Gross Domestic Product (GDP) data in national currency, at current prices, is the International Finance Statistics quarterly database of the IMF, annualized by the World Bank, unless otherwise specified.",,20,3
744,DP.DOD.DLD2A.CR.GG.CD,"Gross PSD, General Gov.-D2A, All maturities, D1+ currency and deposits, Maastricht debt, US$",,,20,3
745,DP.DOD.DLD2A.CR.GG.Z1,"Gross PSD, General Gov.-D2A, All maturities, D1+ currency and deposits, Maastricht debt, % of GDP","The source of non-seasonally adjusted Gross Domestic Product (GDP) data in national currency, at current prices, is the International Finance Statistics quarterly database of the IMF, annualized by the World Bank, unless otherwise specified.",,20,3
746,DP.DOD.DLD3.CR.CG.Z1,"Gross PSD, Central Gov.-D3, All maturities, D2+other accounts payable, Nominal Value, % of GDP","The source of non-seasonally adjusted Gross Domestic Product (GDP) data in national currency, at current prices, is the International Finance Statistics quarterly database of the IMF, annualized by the World Bank, unless otherwise specified.",,20,3
747,DP.DOD.DLD3.CR.GG.Z1,"Gross PSD, General Gov.-D3, All maturities, D2+other accounts payable, Nominal Value, % of GDP","The source of non-seasonally adjusted Gross Domestic Product (GDP) data in national currency, at current prices, is the International Finance Statistics quarterly database of the IMF, annualized by the World Bank, unless otherwise specified.",,20,3
748,DP.DOD.DLD4.CR.CG.Z1,"Gross PSD, Central Gov.-D4, All maturities, D3+insurance, pensions, and standardized guarantees, Nominal Value, % of GDP","The source of non-seasonally adjusted Gross Domestic Product (GDP) data in national currency, at current prices, is the International Finance Statistics quarterly database of the IMF, annualized by the World Bank, unless otherwise specified.",,20,3
749,DP.DOD.DLD4.CR.GG.Z1,"Gross PSD, General Gov.-D4, All maturities, D3+insurance, pensions, and standardized guarantees, Nominal Value, % of GDP","The source of non-seasonally adjusted Gross Domestic Product (GDP) data in national currency, at current prices, is the International Finance Statistics quarterly database of the IMF, annualized by the World Bank, unless otherwise specified.",,20,3
750,DP.DOD.DLDS.CR.BC,"Gross PSD, Budgetary Central Gov., All maturities, Debt securities, Nominal Value, National Currency",,,20,3
751,DP.DOD.DLDS.CR.BC.CD,"Gross PSD, Budgetary Central Gov., All maturities, Debt securities, Nominal Value, US$",,,20,3
752,DP.DOD.DLDS.CR.BC.Z1,"Gross PSD, Budgetary Central Gov., All maturities, Debt securities, Nominal Value, % of GDP","The source of non-seasonally adjusted Gross Domestic Product (GDP) data in national currency, at current prices, is the International Finance Statistics quarterly database of the IMF, annualized by the World Bank, unless otherwise specified.",,20,3
753,DP.DOD.DLDS.CR.CG,"Gross PSD, Central Gov., All maturities, Debt securities, Nominal Value, National Currency",,,20,3
754,DP.DOD.DLDS.CR.CG.CD,"Gross PSD, Central Gov., All maturities, Debt securities, Nominal Value, US$",,,20,3
755,DP.DOD.DLDS.CR.CG.Z1,"Gross PSD, Central Gov., All maturities, Debt securities, Nominal Value, % of GDP","The source of non-seasonally adjusted Gross Domestic Product (GDP) data in national currency, at current prices, is the International Finance Statistics quarterly database of the IMF, annualized by the World Bank, unless otherwise specified.",,20,3
756,DP.DOD.DLDS.CR.FC,"Gross PSD, Financial Public Corp., All maturities, Debt securities, Nominal Value, National Currency",,,20,3
757,DP.DOD.DLDS.CR.FC.CD,"Gross PSD, Financial Public Corp., All maturities, Debt securities, Nominal Value, US$",,,20,3
758,DP.DOD.DLDS.CR.FC.Z1,"Gross PSD, Financial Public Corp., All maturities, Debt securities, Nominal Value, % of GDP","The source of non-seasonally adjusted Gross Domestic Product (GDP) data in national currency, at current prices, is the International Finance Statistics quarterly database of the IMF, annualized by the World Bank, unless otherwise specified.",,20,3
759,DP.DOD.DLDS.CR.GG,"Gross PSD, General Gov., All maturities, Debt securities, Nominal Value, National Currency",,,20,3
760,DP.DOD.DLDS.CR.GG.CD,"Gross PSD, General Gov., All maturities, Debt securities, Nominal Value, US$",,,20,3
761,DP.DOD.DLDS.CR.GG.Z1,"Gross PSD, General Gov., All maturities, Debt securities, Nominal Value, % of GDP","The source of non-seasonally adjusted Gross Domestic Product (GDP) data in national currency, at current prices, is the International Finance Statistics quarterly database of the IMF, annualized by the World Bank, unless otherwise specified.",,20,3
762,DP.DOD.DLDS.CR.L1.BC,"Gross PSD, Budgetary Central Gov., Long-term, With payment due in one year or less, Debt securities, Nominal Value, National Currency",,,20,3
763,DP.DOD.DLDS.CR.L1.BC.CD,"Gross PSD, Budgetary Central Gov., Long-term, With payment due in one year or less, Debt securities, Nominal Value, US$",,,20,3
764,DP.DOD.DLDS.CR.L1.BC.Z1,"Gross PSD, Budgetary Central Gov., Long-term, With payment due in one year or less, Debt securities, Nominal Value, % of GDP","The source of non-seasonally adjusted Gross Domestic Product (GDP) data in national currency, at current prices, is the International Finance Statistics quarterly database of the IMF, annualized by the World Bank, unless otherwise specified.",,20,3
765,DP.DOD.DLDS.CR.L1.CG,"Gross PSD, Central Gov., Long-term, With payment due in one year or less, Debt securities, Nominal Value, National Currency",,,20,3
766,DP.DOD.DLDS.CR.L1.CG.CD,"Gross PSD, Central Gov., Long-term, With payment due in one year or less, Debt securities, Nominal Value, US$",,,20,3
767,DP.DOD.DLDS.CR.L1.CG.Z1,"Gross PSD, Central Gov., Long-term, With payment due in one year or less, Debt securities, Nominal Value, % of GDP","The source of non-seasonally adjusted Gross Domestic Product (GDP) data in national currency, at current prices, is the International Finance Statistics quarterly database of the IMF, annualized by the World Bank, unless otherwise specified.",,20,3
768,DP.DOD.DLDS.CR.L1.FC,"Gross PSD, Financial Public Corp., Long-term, With payment due in one year or less, Debt securities, Nominal Value, National Currency",,,20,3
769,DP.DOD.DLDS.CR.L1.FC.CD,"Gross PSD, Financial Public Corp., Long-term, With payment due in one year or less, Debt securities, Nominal Value, US$",,,20,3
770,DP.DOD.DLDS.CR.L1.FC.Z1,"Gross PSD, Financial Public Corp., Long-term, With payment due in one year or less, Debt securities, Nominal Value, % of GDP","The source of non-seasonally adjusted Gross Domestic Product (GDP) data in national currency, at current prices, is the International Finance Statistics quarterly database of the IMF, annualized by the World Bank, unless otherwise specified.",,20,3
771,DP.DOD.DLDS.CR.L1.GG,"Gross PSD, General Gov., Long-term, With payment due in one year or less, Debt securities, Nominal Value, National Currency",,,20,3
772,DP.DOD.DLDS.CR.L1.GG.CD,"Gross PSD, General Gov., Long-term, With payment due in one year or less, Debt securities, Nominal Value, US$",,,20,3
773,DP.DOD.DLDS.CR.L1.GG.Z1,"Gross PSD, General Gov., Long-term, With payment due in one year or less, Debt securities, Nominal Value, % of GDP","The source of non-seasonally adjusted Gross Domestic Product (GDP) data in national currency, at current prices, is the International Finance Statistics quarterly database of the IMF, annualized by the World Bank, unless otherwise specified.",,20,3
774,DP.DOD.DLDS.CR.L1.NF,"Gross PSD, Nonfinancial Public Corp., Long-term, With payment due in one year or less, Debt securities, Nominal Value, National Currency",,,20,3
775,DP.DOD.DLDS.CR.L1.NF.CD,"Gross PSD, Nonfinancial Public Corp., Long-term, With payment due in one year or less, Debt securities, Nominal Value, US$",,,20,3
776,DP.DOD.DLDS.CR.L1.NF.Z1,"Gross PSD, Nonfinancial Public Corp., Long-term, With payment due in one year or less, Debt securities, Nominal Value, % of GDP","The source of non-seasonally adjusted Gross Domestic Product (GDP) data in national currency, at current prices, is the International Finance Statistics quarterly database of the IMF, annualized by the World Bank, unless otherwise specified.",,20,3
777,DP.DOD.DLDS.CR.L1.PS,"Gross PSD, Public Sector, Long-term, With payment due in one year or less, Debt securities, Nominal Value, National Currency",,,20,3
778,DP.DOD.DLDS.CR.L1.PS.CD,"Gross PSD, Total, Long-term, With payment due in one year or less, Debt securities, Nominal Value, US$",,,20,3
779,DP.DOD.DLDS.CR.M1.BC,"Gross PSD, Budgetary Central Gov., Long-term, With payment due in more than one year, Debt securities, Nominal Value, National Currency",,,20,3
780,DP.DOD.DLDS.CR.M1.BC.CD,"Gross PSD, Budgetary Central Gov., Long-term, With payment due in more than one year, Debt securities, Nominal Value, US$",,,20,3
781,DP.DOD.DLDS.CR.M1.BC.Z1,"Gross PSD, Budgetary Central Gov., Long-term, With payment due in more than one year, Debt securities, Nominal Value, % of GDP","The source of non-seasonally adjusted Gross Domestic Product (GDP) data in national currency, at current prices, is the International Finance Statistics quarterly database of the IMF, annualized by the World Bank, unless otherwise specified.",,20,3
782,DP.DOD.DLDS.CR.M1.CG,"Gross PSD, Central Gov., Long-term, With payment due in more than one year, Debt securities, Nominal Value, National Currency",,,20,3
783,DP.DOD.DLDS.CR.M1.CG.CD,"Gross PSD, Central Gov., Long-term, With payment due in more than one year, Debt securities, Nominal Value, US$",,,20,3
784,DP.DOD.DLDS.CR.M1.CG.Z1,"Gross PSD, Central Gov., Long-term, With payment due in more than one year, Debt securities, Nominal Value, % of GDP","The source of non-seasonally adjusted Gross Domestic Product (GDP) data in national currency, at current prices, is the International Finance Statistics quarterly database of the IMF, annualized by the World Bank, unless otherwise specified.",,20,3
785,DP.DOD.DLDS.CR.M1.FC,"Gross PSD, Financial Public Corp., Long-term, With payment due in more than one year, Debt securities, Nominal Value, National Currency",,,20,3
786,DP.DOD.DLDS.CR.M1.FC.CD,"Gross PSD, Financial Public Corp., Long-term, With payment due in more than one year, Debt securities, Nominal Value, US$",,,20,3
787,DP.DOD.DLDS.CR.M1.FC.Z1,"Gross PSD, Financial Public Corp., Long-term, With payment due in more than one year, Debt securities, Nominal Value, % of GDP","The source of non-seasonally adjusted Gross Domestic Product (GDP) data in national currency, at current prices, is the International Finance Statistics quarterly database of the IMF, annualized by the World Bank, unless otherwise specified.",,20,3
788,DP.DOD.DLDS.CR.M1.GG,"Gross PSD, General Gov., Long-term, With payment due in more than one year, Debt securities, Nominal Value, National Currency",,,20,3
789,DP.DOD.DLDS.CR.M1.GG.CD,"Gross PSD, General Gov., Long-term, With payment due in more than one year, Debt securities, Nominal Value, US$",,,20,3
790,DP.DOD.DLDS.CR.M1.GG.Z1,"Gross PSD, General Gov., Long-term, With payment due in more than one year, Debt securities, Nominal Value, % of GDP","The source of non-seasonally adjusted Gross Domestic Product (GDP) data in national currency, at current prices, is the International Finance Statistics quarterly database of the IMF, annualized by the World Bank, unless otherwise specified.",,20,3
791,DP.DOD.DLDS.CR.M1.NF,"Gross PSD, Nonfinancial Public Corp., Long-term, With payment due in more than one year, Debt securities, Nominal Value, National Currency",,,20,3
792,DP.DOD.DLDS.CR.M1.NF.CD,"Gross PSD, Nonfinancial Public Corp., Long-term, With payment due in more than one year, Debt securities, Nominal Value, US$",,,20,3
793,DP.DOD.DLDS.CR.M1.NF.Z1,"Gross PSD, Nonfinancial Public Corp., Long-term, With payment due in more than one year, Debt securities, Nominal Value, % of GDP","The source of non-seasonally adjusted Gross Domestic Product (GDP) data in national currency, at current prices, is the International Finance Statistics quarterly database of the IMF, annualized by the World Bank, unless otherwise specified.",,20,3
794,DP.DOD.DLDS.CR.M1.PS,"Gross PSD, Public Sector, Long-term, With payment due in more than one year, Debt securities, Nominal Value, National Currency",,,20,3
795,DP.DOD.DLDS.CR.M1.PS.CD,"Gross PSD, Total, Long-term, With payment due in more than one year, Debt securities, Nominal Value, US$",,,20,3
796,DP.DOD.DLDS.CR.MV.BC,"Gross PSD, Budgetary Central Gov., All maturities, Debt Securities, Market value, National Currency",,,20,3
797,DP.DOD.DLDS.CR.MV.BC.CD,"Gross PSD, Budgetary Central Gov., All maturities, Debt Securities, Market value, US$",,,20,3
798,DP.DOD.DLDS.CR.MV.BC.Z1,"Gross PSD, Budgetary Central Gov., All maturities, Debt Securities, Market value, % of GDP","The source of non-seasonally adjusted Gross Domestic Product (GDP) data in national currency, at current prices, is the International Finance Statistics quarterly database of the IMF, annualized by the World Bank, unless otherwise specified.",,20,3
799,DP.DOD.DLDS.CR.MV.CG,"Gross PSD, Central Gov., All maturities, Debt Securities, Market value, National Currency",,,20,3
800,DP.DOD.DLDS.CR.MV.CG.CD,"Gross PSD, Central Gov., All maturities, Debt Securities, Market value, US$",,,20,3
801,DP.DOD.DLDS.CR.MV.CG.Z1,"Gross PSD, Central Gov., All maturities, Debt Securities, Market value, % of GDP","The source of non-seasonally adjusted Gross Domestic Product (GDP) data in national currency, at current prices, is the International Finance Statistics quarterly database of the IMF, annualized by the World Bank, unless otherwise specified.",,20,3
802,DP.DOD.DLDS.CR.MV.FC,"Gross PSD, Financial Public Corp., All maturities, Debt Securities, Market value, National Currency",,,20,3
803,DP.DOD.DLDS.CR.MV.FC.CD,"Gross PSD, Financial Public Corp., All maturities, Debt Securities, Market value, US$",,,20,3
804,DP.DOD.DLDS.CR.MV.FC.Z1,"Gross PSD, Financial Public Corp., All maturities, Debt Securities, Market value, % of GDP","The source of non-seasonally adjusted Gross Domestic Product (GDP) data in national currency, at current prices, is the International Finance Statistics quarterly database of the IMF, annualized by the World Bank, unless otherwise specified.",,20,3
805,DP.DOD.DLDS.CR.MV.GG,"Gross PSD, General Gov., All maturities, Debt Securities, Market value, National Currency",,,20,3
806,DP.DOD.DLDS.CR.MV.GG.CD,"Gross PSD, General Gov., All maturities, Debt Securities, Market value, US$",,,20,3
807,DP.DOD.DLDS.CR.MV.GG.Z1,"Gross PSD, General Gov., All maturities, Debt Securities, Market value, % of GDP","The source of non-seasonally adjusted Gross Domestic Product (GDP) data in national currency, at current prices, is the International Finance Statistics quarterly database of the IMF, annualized by the World Bank, unless otherwise specified.",,20,3
808,DP.DOD.DLDS.CR.MV.NF,"Gross PSD, Nonfinancial Public Corp., All maturities, Debt Securities, Market value, National Currency",,,20,3
809,DP.DOD.DLDS.CR.MV.NF.CD,"Gross PSD, Nonfinancial Public Corp., All maturities, Debt Securities, Market value, US$",,,20,3
810,DP.DOD.DLDS.CR.MV.NF.Z1,"Gross PSD, Nonfinancial Public Corp., All maturities, Debt Securities, Market value, % of GDP","The source of non-seasonally adjusted Gross Domestic Product (GDP) data in national currency, at current prices, is the International Finance Statistics quarterly database of the IMF, annualized by the World Bank, unless otherwise specified.",,20,3
811,DP.DOD.DLDS.CR.MV.PS,"Gross PSD, Public Sector, All maturities, Debt Securities, Market value, National Currency",,,20,3
812,DP.DOD.DLDS.CR.MV.PS.CD,"Gross PSD, Total, All maturities, Debt Securities, Market value, US$",,,20,3
813,DP.DOD.DLDS.CR.NF,"Gross PSD, Nonfinancial Public Corp., All maturities, Debt securities, Nominal Value, National Currency",,,20,3
814,DP.DOD.DLDS.CR.NF.CD,"Gross PSD, Nonfinancial Public Corp., All maturities, Debt securities, Nominal Value, US$",,,20,3
815,DP.DOD.DLDS.CR.NF.Z1,"Gross PSD, Nonfinancial Public Corp., All maturities, Debt securities, Nominal Value, % of GDP","The source of non-seasonally adjusted Gross Domestic Product (GDP) data in national currency, at current prices, is the International Finance Statistics quarterly database of the IMF, annualized by the World Bank, unless otherwise specified.",,20,3
816,DP.DOD.DLDS.CR.PS,"Gross PSD, Public Sector, All maturities, Debt securities, Nominal Value, National Currency",,,20,3
817,DP.DOD.DLDS.CR.PS.CD,"Gross PSD, Total, All maturities, Debt securities, Nominal Value, US$",,,20,3
818,DP.DOD.DLIN.CR.BC.Z1,"Gross PSD, Budgetary Central Gov., All maturities, Insurance, pensions, and standardized guarantee schemes, Nominal Value, % of GDP","The source of non-seasonally adjusted Gross Domestic Product (GDP) data in national currency, at current prices, is the International Finance Statistics quarterly database of the IMF, annualized by the World Bank, unless otherwise specified.",,20,3
819,DP.DOD.DLIN.CR.CG.Z1,"Gross PSD, Central Gov., All maturities, Insurance, pensions, and standardized guarantee schemes, Nominal Value, % of GDP","The source of non-seasonally adjusted Gross Domestic Product (GDP) data in national currency, at current prices, is the International Finance Statistics quarterly database of the IMF, annualized by the World Bank, unless otherwise specified.",,20,3
820,DP.DOD.DLIN.CR.FC.Z1,"Gross PSD, Financial Public Corp., All maturities, Insurance, pensions, and standardized guarantee schemes, Nominal Value, % of GDP","The source of non-seasonally adjusted Gross Domestic Product (GDP) data in national currency, at current prices, is the International Finance Statistics quarterly database of the IMF, annualized by the World Bank, unless otherwise specified.",,20,3
821,DP.DOD.DLIN.CR.GG.Z1,"Gross PSD, General Gov., All maturities, Insurance, pensions, and standardized guarantee schemes, Nominal Value, % of GDP","The source of non-seasonally adjusted Gross Domestic Product (GDP) data in national currency, at current prices, is the International Finance Statistics quarterly database of the IMF, annualized by the World Bank, unless otherwise specified.",,20,3
822,DP.DOD.DLIN.CR.L1.BC.Z1,"Gross PSD, Budgetary Central Gov., Long-term, With payment due in one year or less, Insurance, pensions, and standardized guarantee schemes, Nominal Value, % of GDP","The source of non-seasonally adjusted Gross Domestic Product (GDP) data in national currency, at current prices, is the International Finance Statistics quarterly database of the IMF, annualized by the World Bank, unless otherwise specified.",,20,3
823,DP.DOD.DLIN.CR.L1.CG.Z1,"Gross PSD, Central Gov., Long-term, With payment due in one year or less, Insurance, pensions, and standardized guarantee schemes, Nominal Value, % of GDP","The source of non-seasonally adjusted Gross Domestic Product (GDP) data in national currency, at current prices, is the International Finance Statistics quarterly database of the IMF, annualized by the World Bank, unless otherwise specified.",,20,3
824,DP.DOD.DLIN.CR.L1.FC.Z1,"Gross PSD, Financial Public Corp., Long-term, With payment due in one year or less, Insurance, pensions, and standardized guarantee schemes, Nominal Value, % of GDP","The source of non-seasonally adjusted Gross Domestic Product (GDP) data in national currency, at current prices, is the International Finance Statistics quarterly database of the IMF, annualized by the World Bank, unless otherwise specified.",,20,3
825,DP.DOD.DLIN.CR.L1.GG.Z1,"Gross PSD, General Gov., Long-term, With payment due in one year or less, Insurance, pensions, and standardized guarantee schemes, Nominal Value, % of GDP","The source of non-seasonally adjusted Gross Domestic Product (GDP) data in national currency, at current prices, is the International Finance Statistics quarterly database of the IMF, annualized by the World Bank, unless otherwise specified.",,20,3
826,DP.DOD.DLIN.CR.L1.NF.Z1,"Gross PSD, Nonfinancial Public Corp., Long-term, With payment due in one year or less, Insurance, pensions, and standardized guarantee schemes, Nominal Value, % of GDP","The source of non-seasonally adjusted Gross Domestic Product (GDP) data in national currency, at current prices, is the International Finance Statistics quarterly database of the IMF, annualized by the World Bank, unless otherwise specified.",,20,3
827,DP.DOD.DLIN.CR.M1.BC.Z1,"Gross PSD, Budgetary Central Gov., Long-term, With payment due in more than one year, Insurance, pensions, and standardized guarantee schemes, Nominal Value, % of GDP","The source of non-seasonally adjusted Gross Domestic Product (GDP) data in national currency, at current prices, is the International Finance Statistics quarterly database of the IMF, annualized by the World Bank, unless otherwise specified.",,20,3
828,DP.DOD.DLIN.CR.M1.CG.Z1,"Gross PSD, Central Gov., Long-term, With payment due in more than one year, Insurance, pensions, and standardized guarantee schemes, Nominal Value, % of GDP","The source of non-seasonally adjusted Gross Domestic Product (GDP) data in national currency, at current prices, is the International Finance Statistics quarterly database of the IMF, annualized by the World Bank, unless otherwise specified.",,20,3
829,DP.DOD.DLIN.CR.M1.FC.Z1,"Gross PSD, Financial Public Corp., Long-term, With payment due in more than one year, Insurance, pensions, and standardized guarantee schemes, Nominal Value, % of GDP","The source of non-seasonally adjusted Gross Domestic Product (GDP) data in national currency, at current prices, is the International Finance Statistics quarterly database of the IMF, annualized by the World Bank, unless otherwise specified.",,20,3
830,DP.DOD.DLIN.CR.M1.GG.Z1,"Gross PSD, General Gov., Long-term, With payment due in more than one year, Insurance, pensions, and standardized guarantee schemes, Nominal Value, % of GDP","The source of non-seasonally adjusted Gross Domestic Product (GDP) data in national currency, at current prices, is the International Finance Statistics quarterly database of the IMF, annualized by the World Bank, unless otherwise specified.",,20,3
831,DP.DOD.DLIN.CR.M1.NF.Z1,"Gross PSD, Nonfinancial Public Corp., Long-term, With payment due in more than one year, Insurance, pensions, and standardized guarantee schemes, Nominal Value, % of GDP","The source of non-seasonally adjusted Gross Domestic Product (GDP) data in national currency, at current prices, is the International Finance Statistics quarterly database of the IMF, annualized by the World Bank, unless otherwise specified.",,20,3
832,DP.DOD.DLIN.CR.NF.Z1,"Gross PSD, Nonfinancial Public Corp., All maturities, Insurance, pensions, and standardized guarantee schemes, Nominal Value, % of GDP","The source of non-seasonally adjusted Gross Domestic Product (GDP) data in national currency, at current prices, is the International Finance Statistics quarterly database of the IMF, annualized by the World Bank, unless otherwise specified.",,20,3
833,DP.DOD.DLLO.CR.BC.Z1,"Gross PSD, Budgetary Central Gov., All maturities, Loans, Nominal Value, % of GDP","The source of non-seasonally adjusted Gross Domestic Product (GDP) data in national currency, at current prices, is the International Finance Statistics quarterly database of the IMF, annualized by the World Bank, unless otherwise specified.",,20,3
834,DP.DOD.DLLO.CR.CG.Z1,"Gross PSD, Central Gov., All maturities, Loans, Nominal Value, % of GDP","The source of non-seasonally adjusted Gross Domestic Product (GDP) data in national currency, at current prices, is the International Finance Statistics quarterly database of the IMF, annualized by the World Bank, unless otherwise specified.",,20,3
835,DP.DOD.DLLO.CR.FC.Z1,"Gross PSD, Financial Public Corp., All maturities, Loans, Nominal Value, % of GDP","The source of non-seasonally adjusted Gross Domestic Product (GDP) data in national currency, at current prices, is the International Finance Statistics quarterly database of the IMF, annualized by the World Bank, unless otherwise specified.",,20,3
836,DP.DOD.DLLO.CR.GG.Z1,"Gross PSD, General Gov., All maturities, Loans, Nominal Value, % of GDP","The source of non-seasonally adjusted Gross Domestic Product (GDP) data in national currency, at current prices, is the International Finance Statistics quarterly database of the IMF, annualized by the World Bank, unless otherwise specified.",,20,3
837,DP.DOD.DLLO.CR.L1.BC.Z1,"Gross PSD, Budgetary Central Gov., Long-term, With payment due in one year or less, Loans, Nominal Value, % of GDP","The source of non-seasonally adjusted Gross Domestic Product (GDP) data in national currency, at current prices, is the International Finance Statistics quarterly database of the IMF, annualized by the World Bank, unless otherwise specified.",,20,3
838,DP.DOD.DLLO.CR.L1.CG.Z1,"Gross PSD, Central Gov., Long-term, With payment due in one year or less, Loans, Nominal Value, % of GDP","The source of non-seasonally adjusted Gross Domestic Product (GDP) data in national currency, at current prices, is the International Finance Statistics quarterly database of the IMF, annualized by the World Bank, unless otherwise specified.",,20,3
839,DP.DOD.DLLO.CR.L1.FC.Z1,"Gross PSD, Financial Public Corp., Long-term, With payment due in one year or less, Loans, Nominal Value, % of GDP","The source of non-seasonally adjusted Gross Domestic Product (GDP) data in national currency, at current prices, is the International Finance Statistics quarterly database of the IMF, annualized by the World Bank, unless otherwise specified.",,20,3
840,DP.DOD.DLLO.CR.L1.GG.Z1,"Gross PSD, General Gov., Long-term, With payment due in one year or less, Loans, Nominal Value, % of GDP","The source of non-seasonally adjusted Gross Domestic Product (GDP) data in national currency, at current prices, is the International Finance Statistics quarterly database of the IMF, annualized by the World Bank, unless otherwise specified.",,20,3
841,DP.DOD.DLLO.CR.L1.NF.Z1,"Gross PSD, Nonfinancial Public Corp., Long-term, With payment due in one year or less, Loans, Nominal Value, % of GDP","The source of non-seasonally adjusted Gross Domestic Product (GDP) data in national currency, at current prices, is the International Finance Statistics quarterly database of the IMF, annualized by the World Bank, unless otherwise specified.",,20,3
842,DP.DOD.DLLO.CR.M1.BC.Z1,"Gross PSD, Budgetary Central Gov., Long-term, With payment due in more than one year, Loans, Nominal Value, % of GDP","The source of non-seasonally adjusted Gross Domestic Product (GDP) data in national currency, at current prices, is the International Finance Statistics quarterly database of the IMF, annualized by the World Bank, unless otherwise specified.",,20,3
843,DP.DOD.DLLO.CR.M1.CG.Z1,"Gross PSD, Central Gov., Long-term, With payment due in more than one year, Loans, Nominal Value, % of GDP","The source of non-seasonally adjusted Gross Domestic Product (GDP) data in national currency, at current prices, is the International Finance Statistics quarterly database of the IMF, annualized by the World Bank, unless otherwise specified.",,20,3
844,DP.DOD.DLLO.CR.M1.FC.Z1,"Gross PSD, Financial Public Corp., Long-term, With payment due in more than one year, Loans, Nominal Value, % of GDP","The source of non-seasonally adjusted Gross Domestic Product (GDP) data in national currency, at current prices, is the International Finance Statistics quarterly database of the IMF, annualized by the World Bank, unless otherwise specified.",,20,3
845,DP.DOD.DLLO.CR.M1.GG.Z1,"Gross PSD, General Gov., Long-term, With payment due in more than one year, Loans, Nominal Value, % of GDP","The source of non-seasonally adjusted Gross Domestic Product (GDP) data in national currency, at current prices, is the International Finance Statistics quarterly database of the IMF, annualized by the World Bank, unless otherwise specified.",,20,3
846,DP.DOD.DLLO.CR.M1.NF.Z1,"Gross PSD, Nonfinancial Public Corp., Long-term, With payment due in more than one year, Loans, Nominal Value, % of GDP","The source of non-seasonally adjusted Gross Domestic Product (GDP) data in national currency, at current prices, is the International Finance Statistics quarterly database of the IMF, annualized by the World Bank, unless otherwise specified.",,20,3
847,DP.DOD.DLLO.CR.NF.Z1,"Gross PSD, Nonfinancial Public Corp., All maturities, Loans, Nominal Value, % of GDP","The source of non-seasonally adjusted Gross Domestic Product (GDP) data in national currency, at current prices, is the International Finance Statistics quarterly database of the IMF, annualized by the World Bank, unless otherwise specified.",,20,3
848,DP.DOD.DLOA.CR.BC.Z1,"Gross PSD, Budgetary Central Gov., All maturities, Other accounts payable, Nominal Value, % of GDP","The source of non-seasonally adjusted Gross Domestic Product (GDP) data in national currency, at current prices, is the International Finance Statistics quarterly database of the IMF, annualized by the World Bank, unless otherwise specified.",,20,3
849,DP.DOD.DLOA.CR.CG.Z1,"Gross PSD, Central Gov., All maturities, Other accounts payable, Nominal Value, % of GDP","The source of non-seasonally adjusted Gross Domestic Product (GDP) data in national currency, at current prices, is the International Finance Statistics quarterly database of the IMF, annualized by the World Bank, unless otherwise specified.",,20,3
850,DP.DOD.DLOA.CR.FC.Z1,"Gross PSD, Financial Public Corp., All maturities, Other accounts payable, Nominal Value, % of GDP","The source of non-seasonally adjusted Gross Domestic Product (GDP) data in national currency, at current prices, is the International Finance Statistics quarterly database of the IMF, annualized by the World Bank, unless otherwise specified.",,20,3
851,DP.DOD.DLOA.CR.GG.Z1,"Gross PSD, General Gov., All maturities, Other accounts payable, Nominal Value, % of GDP","The source of non-seasonally adjusted Gross Domestic Product (GDP) data in national currency, at current prices, is the International Finance Statistics quarterly database of the IMF, annualized by the World Bank, unless otherwise specified.",,20,3
852,DP.DOD.DLOA.CR.L1.BC.Z1,"Gross PSD, Budgetary Central Gov., Long-term, With payment due in one year or less, Other accounts payable, Nominal Value, % of GDP","The source of non-seasonally adjusted Gross Domestic Product (GDP) data in national currency, at current prices, is the International Finance Statistics quarterly database of the IMF, annualized by the World Bank, unless otherwise specified.",,20,3
853,DP.DOD.DLOA.CR.L1.CG.Z1,"Gross PSD, Central Gov., Long-term, With payment due in one year or less, Other accounts payable, Nominal Value, % of GDP","The source of non-seasonally adjusted Gross Domestic Product (GDP) data in national currency, at current prices, is the International Finance Statistics quarterly database of the IMF, annualized by the World Bank, unless otherwise specified.",,20,3
854,DP.DOD.DLOA.CR.L1.FC.Z1,"Gross PSD, Financial Public Corp., Long-term, With payment due in one year or less, Other accounts payable, Nominal Value, % of GDP","The source of non-seasonally adjusted Gross Domestic Product (GDP) data in national currency, at current prices, is the International Finance Statistics quarterly database of the IMF, annualized by the World Bank, unless otherwise specified.",,20,3
855,DP.DOD.DLOA.CR.L1.GG.Z1,"Gross PSD, General Gov., Long-term, With payment due in one year or less, Other accounts payable, Nominal Value, % of GDP","The source of non-seasonally adjusted Gross Domestic Product (GDP) data in national currency, at current prices, is the International Finance Statistics quarterly database of the IMF, annualized by the World Bank, unless otherwise specified.",,20,3
856,DP.DOD.DLOA.CR.L1.NF.Z1,"Gross PSD, Nonfinancial Public Corp., Long-term, With payment due in one year or less, Other accounts payable, Nominal Value, % of GDP","The source of non-seasonally adjusted Gross Domestic Product (GDP) data in national currency, at current prices, is the International Finance Statistics quarterly database of the IMF, annualized by the World Bank, unless otherwise specified.",,20,3
857,DP.DOD.DLOA.CR.M1.BC.Z1,"Gross PSD, Budgetary Central Gov., Long-term, With payment due in more than one year, Other accounts payable, Nominal Value, % of GDP","The source of non-seasonally adjusted Gross Domestic Product (GDP) data in national currency, at current prices, is the International Finance Statistics quarterly database of the IMF, annualized by the World Bank, unless otherwise specified.",,20,3
858,DP.DOD.DLOA.CR.M1.CG.Z1,"Gross PSD, Central Gov., Long-term, With payment due in more than one year, Other accounts payable, Nominal Value, % of GDP","The source of non-seasonally adjusted Gross Domestic Product (GDP) data in national currency, at current prices, is the International Finance Statistics quarterly database of the IMF, annualized by the World Bank, unless otherwise specified.",,20,3
859,DP.DOD.DLOA.CR.M1.FC.Z1,"Gross PSD, Financial Public Corp., Long-term, With payment due in more than one year, Other accounts payable, Nominal Value, % of GDP","The source of non-seasonally adjusted Gross Domestic Product (GDP) data in national currency, at current prices, is the International Finance Statistics quarterly database of the IMF, annualized by the World Bank, unless otherwise specified.",,20,3
860,DP.DOD.DLOA.CR.M1.GG.Z1,"Gross PSD, General Gov., Long-term, With payment due in more than one year, Other accounts payable, Nominal Value, % of GDP","The source of non-seasonally adjusted Gross Domestic Product (GDP) data in national currency, at current prices, is the International Finance Statistics quarterly database of the IMF, annualized by the World Bank, unless otherwise specified.",,20,3
861,DP.DOD.DLOA.CR.M1.NF.Z1,"Gross PSD, Nonfinancial Public Corp., Long-term, With payment due in more than one year, Other accounts payable, Nominal Value, % of GDP","The source of non-seasonally adjusted Gross Domestic Product (GDP) data in national currency, at current prices, is the International Finance Statistics quarterly database of the IMF, annualized by the World Bank, unless otherwise specified.",,20,3
862,DP.DOD.DLOA.CR.NF.Z1,"Gross PSD, Nonfinancial Public Corp., All maturities, Other accounts payable, Nominal Value, % of GDP","The source of non-seasonally adjusted Gross Domestic Product (GDP) data in national currency, at current prices, is the International Finance Statistics quarterly database of the IMF, annualized by the World Bank, unless otherwise specified.",,20,3
863,DP.DOD.DLSD.CR.BC.Z1,"Gross PSD, Budgetary Central Gov., All maturities, Special Drawing Rights, Nominal Value, % of GDP","The source of non-seasonally adjusted Gross Domestic Product (GDP) data in national currency, at current prices, is the International Finance Statistics quarterly database of the IMF, annualized by the World Bank, unless otherwise specified.",,20,3
864,DP.DOD.DLSD.CR.CG.Z1,"Gross PSD, Central Gov., All maturities, Special Drawing Rights, Nominal Value, % of GDP","The source of non-seasonally adjusted Gross Domestic Product (GDP) data in national currency, at current prices, is the International Finance Statistics quarterly database of the IMF, annualized by the World Bank, unless otherwise specified.",,20,3
865,DP.DOD.DLSD.CR.FC.Z1,"Gross PSD, Financial Public Corp., All maturities, Special Drawing Rights, Nominal Value, % of GDP","The source of non-seasonally adjusted Gross Domestic Product (GDP) data in national currency, at current prices, is the International Finance Statistics quarterly database of the IMF, annualized by the World Bank, unless otherwise specified.",,20,3
866,DP.DOD.DLSD.CR.GG.Z1,"Gross PSD, General Gov., All maturities, Special Drawing Rights, Nominal Value, % of GDP","The source of non-seasonally adjusted Gross Domestic Product (GDP) data in national currency, at current prices, is the International Finance Statistics quarterly database of the IMF, annualized by the World Bank, unless otherwise specified.",,20,3
867,DP.DOD.DLSD.CR.M1.BC.Z1,"Gross PSD, Budgetary Central Gov., Long-term, With payment due in more than one year, Special Drawing Rights, Nominal Value, % of GDP","The source of non-seasonally adjusted Gross Domestic Product (GDP) data in national currency, at current prices, is the International Finance Statistics quarterly database of the IMF, annualized by the World Bank, unless otherwise specified.",,20,3
868,DP.DOD.DLSD.CR.M1.CG.Z1,"Gross PSD, Central Gov., Long-term, With payment due in more than one year, Special Drawing Rights, Nominal Value, % of GDP","The source of non-seasonally adjusted Gross Domestic Product (GDP) data in national currency, at current prices, is the International Finance Statistics quarterly database of the IMF, annualized by the World Bank, unless otherwise specified.",,20,3
869,DP.DOD.DLSD.CR.M1.FC.Z1,"Gross PSD, Financial Public Corp., Long-term, With payment due in more than one year, Special Drawing Rights, Nominal Value, % of GDP","The source of non-seasonally adjusted Gross Domestic Product (GDP) data in national currency, at current prices, is the International Finance Statistics quarterly database of the IMF, annualized by the World Bank, unless otherwise specified.",,20,3
870,DP.DOD.DLSD.CR.M1.GG.Z1,"Gross PSD, General Gov., Long-term, With payment due in more than one year, Special Drawing Rights, Nominal Value, % of GDP","The source of non-seasonally adjusted Gross Domestic Product (GDP) data in national currency, at current prices, is the International Finance Statistics quarterly database of the IMF, annualized by the World Bank, unless otherwise specified.",,20,3
871,DP.DOD.DLSD.CR.M1.NF.Z1,"Gross PSD, Nonfinancial Public Corp., Long-term, With payment due in more than one year, Special Drawing Rights, Nominal Value, % of GDP","The source of non-seasonally adjusted Gross Domestic Product (GDP) data in national currency, at current prices, is the International Finance Statistics quarterly database of the IMF, annualized by the World Bank, unless otherwise specified.",,20,3
872,DP.DOD.DLSD.CR.NF.Z1,"Gross PSD, Nonfinancial Public Corp., All maturities, Special Drawing Rights, Nominal Value, % of GDP","The source of non-seasonally adjusted Gross Domestic Product (GDP) data in national currency, at current prices, is the International Finance Statistics quarterly database of the IMF, annualized by the World Bank, unless otherwise specified.",,20,3
873,DP.DOD.DLTC.CR.BC.Z1,"Gross PSD, Budgetary Central Gov., Long-term, All instruments, Nominal Value, % of GDP","The source of non-seasonally adjusted Gross Domestic Product (GDP) data in national currency, at current prices, is the International Finance Statistics quarterly database of the IMF, annualized by the World Bank, unless otherwise specified.",,20,3
874,DP.DOD.DLTC.CR.CG.Z1,"Gross PSD, Central Gov., Long-term, All instruments, Nominal Value, % of GDP","The source of non-seasonally adjusted Gross Domestic Product (GDP) data in national currency, at current prices, is the International Finance Statistics quarterly database of the IMF, annualized by the World Bank, unless otherwise specified.",,20,3
875,DP.DOD.DLTC.CR.FC.Z1,"Gross PSD, Financial Public Corp., Long-term, All instruments, Nominal Value, % of GDP","The source of non-seasonally adjusted Gross Domestic Product (GDP) data in national currency, at current prices, is the International Finance Statistics quarterly database of the IMF, annualized by the World Bank, unless otherwise specified.",,20,3
876,DP.DOD.DLTC.CR.GG.Z1,"Gross PSD, General Gov., Long-term, All instruments, Nominal Value, % of GDP","The source of non-seasonally adjusted Gross Domestic Product (GDP) data in national currency, at current prices, is the International Finance Statistics quarterly database of the IMF, annualized by the World Bank, unless otherwise specified.",,20,3
877,DP.DOD.DLTC.CR.L1.BC.Z1,"Gross PSD, Budgetary Central Gov., Long-term, With payment due in one year or less, All instruments, Nominal Value, % of GDP","The source of non-seasonally adjusted Gross Domestic Product (GDP) data in national currency, at current prices, is the International Finance Statistics quarterly database of the IMF, annualized by the World Bank, unless otherwise specified.",,20,3
878,DP.DOD.DLTC.CR.L1.CG.Z1,"Gross PSD, Central Gov., Long-term, With payment due in one year or less, All instruments, Nominal Value, % of GDP","The source of non-seasonally adjusted Gross Domestic Product (GDP) data in national currency, at current prices, is the International Finance Statistics quarterly database of the IMF, annualized by the World Bank, unless otherwise specified.",,20,3
879,DP.DOD.DLTC.CR.L1.FC.Z1,"Gross PSD, Financial Public Corp., Long-term, With payment due in one year or less, All instruments, Nominal Value, % of GDP","The source of non-seasonally adjusted Gross Domestic Product (GDP) data in national currency, at current prices, is the International Finance Statistics quarterly database of the IMF, annualized by the World Bank, unless otherwise specified.",,20,3
880,DP.DOD.DLTC.CR.L1.GG.Z1,"Gross PSD, General Gov., Long-term, With payment due in one year or less, All instruments, Nominal Value, % of GDP","The source of non-seasonally adjusted Gross Domestic Product (GDP) data in national currency, at current prices, is the International Finance Statistics quarterly database of the IMF, annualized by the World Bank, unless otherwise specified.",,20,3
881,DP.DOD.DLTC.CR.L1.NF.Z1,"Gross PSD, Nonfinancial Public Corp., Long-term, With payment due in one year or less, All instruments, Nominal Value, % of GDP","The source of non-seasonally adjusted Gross Domestic Product (GDP) data in national currency, at current prices, is the International Finance Statistics quarterly database of the IMF, annualized by the World Bank, unless otherwise specified.",,20,3
882,DP.DOD.DLTC.CR.M1.BC.Z1,"Gross PSD, Budgetary Central Gov., Long-term, With payment due in more than one year, All instruments, Nominal Value, % of GDP","The source of non-seasonally adjusted Gross Domestic Product (GDP) data in national currency, at current prices, is the International Finance Statistics quarterly database of the IMF, annualized by the World Bank, unless otherwise specified.",,20,3
883,DP.DOD.DLTC.CR.M1.CG.Z1,"Gross PSD, Central Gov., Long-term, With payment due in more than one year, All instruments, Nominal Value, % of GDP","The source of non-seasonally adjusted Gross Domestic Product (GDP) data in national currency, at current prices, is the International Finance Statistics quarterly database of the IMF, annualized by the World Bank, unless otherwise specified.",,20,3
884,DP.DOD.DLTC.CR.M1.FC.Z1,"Gross PSD, Financial Public Corp., Long-term, With payment due in more than one year, All instruments, Nominal Value, % of GDP","The source of non-seasonally adjusted Gross Domestic Product (GDP) data in national currency, at current prices, is the International Finance Statistics quarterly database of the IMF, annualized by the World Bank, unless otherwise specified.",,20,3
885,DP.DOD.DLTC.CR.M1.GG.Z1,"Gross PSD, General Gov., Long-term, With payment due in more than one year, All instruments, Nominal Value, % of GDP","The source of non-seasonally adjusted Gross Domestic Product (GDP) data in national currency, at current prices, is the International Finance Statistics quarterly database of the IMF, annualized by the World Bank, unless otherwise specified.",,20,3
886,DP.DOD.DLTC.CR.M1.NF.Z1,"Gross PSD, Nonfinancial Public Corp., Long-term, With payment due in more than one year, All instruments, Nominal Value, % of GDP","The source of non-seasonally adjusted Gross Domestic Product (GDP) data in national currency, at current prices, is the International Finance Statistics quarterly database of the IMF, annualized by the World Bank, unless otherwise specified.",,20,3
887,DP.DOD.DLTC.CR.NF.Z1,"Gross PSD, Nonfinancial Public Corp., Long-term, All instruments, Nominal Value, % of GDP","The source of non-seasonally adjusted Gross Domestic Product (GDP) data in national currency, at current prices, is the International Finance Statistics quarterly database of the IMF, annualized by the World Bank, unless otherwise specified.",,20,3
888,DP.DOD.DLXF.CD,"Priv. Sector Ext. Debt, incl. non-guarant.(US$)",,,57,3
889,DP.DOD.DSCD.CR.BC.Z1,"Gross PSD, Budgetary Central Gov., Short-term, Currency and deposits, Nominal Value, % of GDP","The source of non-seasonally adjusted Gross Domestic Product (GDP) data in national currency, at current prices, is the International Finance Statistics quarterly database of the IMF, annualized by the World Bank, unless otherwise specified.",,20,3
890,DP.DOD.DSCD.CR.CG.Z1,"Gross PSD, Central Gov., Short-term, Currency and deposits, Nominal Value, % of GDP","The source of non-seasonally adjusted Gross Domestic Product (GDP) data in national currency, at current prices, is the International Finance Statistics quarterly database of the IMF, annualized by the World Bank, unless otherwise specified.",,20,3
891,DP.DOD.DSCD.CR.FC.Z1,"Gross PSD, Financial Public Corp., Short-term, Currency and deposits, Nominal Value, % of GDP","The source of non-seasonally adjusted Gross Domestic Product (GDP) data in national currency, at current prices, is the International Finance Statistics quarterly database of the IMF, annualized by the World Bank, unless otherwise specified.",,20,3
892,DP.DOD.DSCD.CR.GG.Z1,"Gross PSD, General Gov., Short-term, Currency and deposits, Nominal Value, % of GDP","The source of non-seasonally adjusted Gross Domestic Product (GDP) data in national currency, at current prices, is the International Finance Statistics quarterly database of the IMF, annualized by the World Bank, unless otherwise specified.",,20,3
893,DP.DOD.DSCD.CR.NF.Z1,"Gross PSD, Nonfinancial Public Corp., Short-term, Currency and deposits, Nominal Value, % of GDP","The source of non-seasonally adjusted Gross Domestic Product (GDP) data in national currency, at current prices, is the International Finance Statistics quarterly database of the IMF, annualized by the World Bank, unless otherwise specified.",,20,3
894,DP.DOD.DSDS.CR.BC,"Gross PSD, Budgetary Central Gov., Short-term, Debt securities, Nominal Value, National Currency",,,20,3
895,DP.DOD.DSDS.CR.BC.CD,"Gross PSD, Budgetary Central Gov., Short-term, Debt securities, Nominal Value, US$",,,20,3
896,DP.DOD.DSDS.CR.BC.Z1,"Gross PSD, Budgetary Central Gov., Short-term, Debt securities, Nominal Value, % of GDP","The source of non-seasonally adjusted Gross Domestic Product (GDP) data in national currency, at current prices, is the International Finance Statistics quarterly database of the IMF, annualized by the World Bank, unless otherwise specified.",,20,3
897,DP.DOD.DSDS.CR.CG,"Gross PSD, Central Gov., Short-term, Debt securities, Nominal Value, National Currency",,,20,3
898,DP.DOD.DSDS.CR.CG.CD,"Gross PSD, Central Gov., Short-term, Debt securities, Nominal Value, US$",,,20,3
899,DP.DOD.DSDS.CR.CG.Z1,"Gross PSD, Central Gov., Short-term, Debt securities, Nominal Value, % of GDP","The source of non-seasonally adjusted Gross Domestic Product (GDP) data in national currency, at current prices, is the International Finance Statistics quarterly database of the IMF, annualized by the World Bank, unless otherwise specified.",,20,3
900,DP.DOD.DSDS.CR.FC,"Gross PSD, Financial Public Corp., Short-term, Debt securities, Nominal Value, National Currency",,,20,3
901,DP.DOD.DSDS.CR.FC.CD,"Gross PSD, Financial Public Corp., Short-term, Debt securities, Nominal Value, US$",,,20,3
902,DP.DOD.DSDS.CR.FC.Z1,"Gross PSD, Financial Public Corp., Short-term, Debt securities, Nominal Value, % of GDP","The source of non-seasonally adjusted Gross Domestic Product (GDP) data in national currency, at current prices, is the International Finance Statistics quarterly database of the IMF, annualized by the World Bank, unless otherwise specified.",,20,3
903,DP.DOD.DSDS.CR.GG,"Gross PSD, General Gov., Short-term, Debt securities, Nominal Value, National Currency",,,20,3
904,DP.DOD.DSDS.CR.GG.CD,"Gross PSD, General Gov., Short-term, Debt securities, Nominal Value, US$",,,20,3
905,DP.DOD.DSDS.CR.GG.Z1,"Gross PSD, General Gov., Short-term, Debt securities, Nominal Value, % of GDP","The source of non-seasonally adjusted Gross Domestic Product (GDP) data in national currency, at current prices, is the International Finance Statistics quarterly database of the IMF, annualized by the World Bank, unless otherwise specified.",,20,3
906,DP.DOD.DSDS.CR.NF,"Gross PSD, Nonfinancial Public Corp., Short-term, Debt securities, Nominal Value, National Currency",,,20,3
907,DP.DOD.DSDS.CR.NF.CD,"Gross PSD, Nonfinancial Public Corp., Short-term, Debt securities, Nominal Value, US$",,,20,3
908,DP.DOD.DSDS.CR.NF.Z1,"Gross PSD, Nonfinancial Public Corp., Short-term, Debt securities, Nominal Value, % of GDP","The source of non-seasonally adjusted Gross Domestic Product (GDP) data in national currency, at current prices, is the International Finance Statistics quarterly database of the IMF, annualized by the World Bank, unless otherwise specified.",,20,3
909,DP.DOD.DSDS.CR.PS,"Gross PSD, Public Sector, Short-term, Debt securities, Nominal Value, National Currency",,,20,3
910,DP.DOD.DSDS.CR.PS.CD,"Gross PSD, Total, Short-term, Debt securities, Nominal Value, US$",,,20,3
911,DP.DOD.DSIN.CR.BC.Z1,"Gross PSD, Budgetary Central Gov., Short-term, Insurance, pensions, and standardized guarantee schemes, Nominal Value, % of GDP","The source of non-seasonally adjusted Gross Domestic Product (GDP) data in national currency, at current prices, is the International Finance Statistics quarterly database of the IMF, annualized by the World Bank, unless otherwise specified.",,20,3
912,DP.DOD.DSIN.CR.CG.Z1,"Gross PSD, Central Gov., Short-term, Insurance, pensions, and standardized guarantee schemes, Nominal Value, % of GDP","The source of non-seasonally adjusted Gross Domestic Product (GDP) data in national currency, at current prices, is the International Finance Statistics quarterly database of the IMF, annualized by the World Bank, unless otherwise specified.",,20,3
913,DP.DOD.DSIN.CR.FC.Z1,"Gross PSD, Financial Public Corp., Short-term, Insurance, pensions, and standardized guarantee schemes, Nominal Value, % of GDP","The source of non-seasonally adjusted Gross Domestic Product (GDP) data in national currency, at current prices, is the International Finance Statistics quarterly database of the IMF, annualized by the World Bank, unless otherwise specified.",,20,3
914,DP.DOD.DSIN.CR.GG.Z1,"Gross PSD, General Gov., Short-term, Insurance, pensions, and standardized guarantee schemes, Nominal Value, % of GDP","The source of non-seasonally adjusted Gross Domestic Product (GDP) data in national currency, at current prices, is the International Finance Statistics quarterly database of the IMF, annualized by the World Bank, unless otherwise specified.",,20,3
915,DP.DOD.DSIN.CR.NF.Z1,"Gross PSD, Nonfinancial Public Corp., Short-term, Insurance, pensions, and standardized guarantee schemes, Nominal Value, % of GDP","The source of non-seasonally adjusted Gross Domestic Product (GDP) data in national currency, at current prices, is the International Finance Statistics quarterly database of the IMF, annualized by the World Bank, unless otherwise specified.",,20,3
916,DP.DOD.DSLO.CR.BC.Z1,"Gross PSD, Budgetary Central Gov., Short-term, Loans, Nominal Value, % of GDP","The source of non-seasonally adjusted Gross Domestic Product (GDP) data in national currency, at current prices, is the International Finance Statistics quarterly database of the IMF, annualized by the World Bank, unless otherwise specified.",,20,3
917,DP.DOD.DSLO.CR.CG.Z1,"Gross PSD, Central Gov., Short-term, Loans, Nominal Value, % of GDP","The source of non-seasonally adjusted Gross Domestic Product (GDP) data in national currency, at current prices, is the International Finance Statistics quarterly database of the IMF, annualized by the World Bank, unless otherwise specified.",,20,3
918,DP.DOD.DSLO.CR.FC.Z1,"Gross PSD, Financial Public Corp., Short-term, Loans, Nominal Value, % of GDP","The source of non-seasonally adjusted Gross Domestic Product (GDP) data in national currency, at current prices, is the International Finance Statistics quarterly database of the IMF, annualized by the World Bank, unless otherwise specified.",,20,3
919,DP.DOD.DSLO.CR.GG.Z1,"Gross PSD, General Gov., Short-term, Loans, Nominal Value, % of GDP","The source of non-seasonally adjusted Gross Domestic Product (GDP) data in national currency, at current prices, is the International Finance Statistics quarterly database of the IMF, annualized by the World Bank, unless otherwise specified.",,20,3
920,DP.DOD.DSLO.CR.NF.Z1,"Gross PSD, Nonfinancial Public Corp., Short-term, Loans, Nominal Value, % of GDP","The source of non-seasonally adjusted Gross Domestic Product (GDP) data in national currency, at current prices, is the International Finance Statistics quarterly database of the IMF, annualized by the World Bank, unless otherwise specified.",,20,3
921,DP.DOD.DSOA.CR.BC.Z1,"Gross PSD, Budgetary Central Gov., Short-term, Other accounts payable, Nominal Value, % of GDP","The source of non-seasonally adjusted Gross Domestic Product (GDP) data in national currency, at current prices, is the International Finance Statistics quarterly database of the IMF, annualized by the World Bank, unless otherwise specified.",,20,3
922,DP.DOD.DSOA.CR.CG.Z1,"Gross PSD, Central Gov., Short-term, Other accounts payable, Nominal Value, % of GDP","The source of non-seasonally adjusted Gross Domestic Product (GDP) data in national currency, at current prices, is the International Finance Statistics quarterly database of the IMF, annualized by the World Bank, unless otherwise specified.",,20,3
923,DP.DOD.DSOA.CR.FC.Z1,"Gross PSD, Financial Public Corp., Short-term, Other accounts payable, Nominal Value, % of GDP","The source of non-seasonally adjusted Gross Domestic Product (GDP) data in national currency, at current prices, is the International Finance Statistics quarterly database of the IMF, annualized by the World Bank, unless otherwise specified.",,20,3
924,DP.DOD.DSOA.CR.GG.Z1,"Gross PSD, General Gov., Short-term, Other accounts payable, Nominal Value, % of GDP","The source of non-seasonally adjusted Gross Domestic Product (GDP) data in national currency, at current prices, is the International Finance Statistics quarterly database of the IMF, annualized by the World Bank, unless otherwise specified.",,20,3
925,DP.DOD.DSOA.CR.NF.Z1,"Gross PSD, Nonfinancial Public Corp., Short-term, Other accounts payable, Nominal Value, % of GDP","The source of non-seasonally adjusted Gross Domestic Product (GDP) data in national currency, at current prices, is the International Finance Statistics quarterly database of the IMF, annualized by the World Bank, unless otherwise specified.",,20,3
926,DP.DOD.DSTC.CR.BC.Z1,"Gross PSD, Budgetary Central Gov., Short-term, All instruments, Nominal Value, % of GDP","The source of non-seasonally adjusted Gross Domestic Product (GDP) data in national currency, at current prices, is the International Finance Statistics quarterly database of the IMF, annualized by the World Bank, unless otherwise specified.",,20,3
927,DP.DOD.DSTC.CR.CG.Z1,"Gross PSD, Central Gov., Short-term, All instruments, Nominal Value, % of GDP","The source of non-seasonally adjusted Gross Domestic Product (GDP) data in national currency, at current prices, is the International Finance Statistics quarterly database of the IMF, annualized by the World Bank, unless otherwise specified.",,20,3
928,DP.DOD.DSTC.CR.FC.Z1,"Gross PSD, Financial Public Corp., Short-term, All instruments, Nominal Value, % of GDP","The source of non-seasonally adjusted Gross Domestic Product (GDP) data in national currency, at current prices, is the International Finance Statistics quarterly database of the IMF, annualized by the World Bank, unless otherwise specified.",,20,3
929,DP.DOD.DSTC.CR.GG.Z1,"Gross PSD, General Gov., Short-term, All instruments, Nominal Value, % of GDP","The source of non-seasonally adjusted Gross Domestic Product (GDP) data in national currency, at current prices, is the International Finance Statistics quarterly database of the IMF, annualized by the World Bank, unless otherwise specified.",,20,3
930,DP.DOD.DSTC.CR.NF.Z1,"Gross PSD, Nonfinancial Public Corp., Short-term, All instruments, Nominal Value, % of GDP","The source of non-seasonally adjusted Gross Domestic Product (GDP) data in national currency, at current prices, is the International Finance Statistics quarterly database of the IMF, annualized by the World Bank, unless otherwise specified.",,20,3
931,DS.DOD.DLXF.CD,"Rest of General Government External Debt (US$)",,,57,3
932,DS.DOD.STRM.CD,"Short-Term Debt",,,57,3
933,DS.DOD.TOTL.CD,"Identified Short-Term Debt (US$, end of year)",,,57,3
934,DSTKMKTXD,"Stock Markets, US$","Local equity market index valued in US$ terms",,15,3
935,DSTKMKTXN,"Stock Markets, LCU","Local equity market index valued in local currency unit (LCU) terms",,15,3
936,DT.AMD.DLXF.CD,"LT Principal due per balance of payments account (BoP, current US$)","Memorandum item - repayments due on outstanding debts.  Data are in current U.S. dollars.  ",,11,3
937,DT.AMT.DEAE.CD.IL.03.US,"Gross Ext. Debt Pmt, DI: Intercom Lending, More than 0 to 3, Debt liab. of dir. investors to DI ent., Principal, USD",,,22,3
938,DT.AMT.DEAE.CD.IL.0912.US,"Gross Ext. Debt Pmt, DI: Intercom Lending, More than 9 to 12, Debt liab. of dir. investors to DI ent., Principal, USD",,,22,3
939,DT.AMT.DEAE.CD.IL.1218.US,"Gross Ext. Debt Pmt, DI: Intercom Lending, More than 12 to 18, Debt liab. of dir. investors to DI ent., Principal, USD",,,22,3
940,DT.AMT.DEAE.CD.IL.1824.US,"Gross Ext. Debt Pmt, DI: Intercom Lending, More than 18 to 24, Debt liab. of dir. investors to DI ent., Principal, USD",,,22,3
941,DT.AMT.DEAE.CD.IL.24P.US,"Gross Ext. Debt Pmt, DI: Intercom Lending, More than 2yrs, Debt liab. of dir. investors to DI ent., Principal, USD",,,22,3
942,DT.AMT.DEAE.CD.IL.36.US,"Gross Ext. Debt Pmt, DI: Intercom Lending, More than 3 to 6, Debt liab. of dir. investors to DI ent., Principal, USD",,,22,3
943,DT.AMT.DEAE.CD.IL.69.US,"Gross Ext. Debt Pmt, DI: Intercom Lending, More than 6 to 9, Debt liab. of dir. investors to DI ent., Principal, USD",,,22,3
944,DT.AMT.DEAE.CD.IL.IQ.US,"Gross Ext. Debt Pmt, DI: Intercom Lending, Immediate, Debt liab. of dir. investors to DI ent., Principal, USD",,,22,3
945,DT.AMT.DECB.CD,"Principal repayments on external debt, central bank (PPG) (AMT, current US$)","Central bank  long-term debt are aggregated. The central bank is the financial institution (or institutions) that exercises control over key aspects of the financial system. The monetary authority, normally the agency that issues currency and holds the country’s international reserves.  Principal repayments are actual amounts of principal (amortization) paid by the borrower in currency, goods, or services in the year specified. Long-term external debt is defined as debt that has an original or extended maturity of more than one year and that is owed to nonresidents by residents of an economy and repayable in currency, goods, or services. Data are in current U.S. dollars.",,81,3
946,DT.AMT.DECT.CD.00.03.MO.US,"Ext. Debt Service Pmt, Public and Publicly Guar. Private Sector Ext. Debt, 0 to 3 mo., All instruments, Principal, USD",,,23,3
947,DT.AMT.DECT.CD.03.US,"Ext. Debt Service Pmt, All Sectors, More than 0 to 3, All instruments, Principal, USD",,,22,3
948,DT.AMT.DECT.CD.03.YR.US,"Ext. Debt Service Pmt, Public and Publicly Guar. Private Sector Ext. Debt, 3yrs, All instruments, Principal, USD",,,23,3
949,DT.AMT.DECT.CD.04.06.MO.US,"Ext. Debt Service Pmt, Public and Publicly Guar. Private Sector Ext. Debt, 3 to 6 mo., All instruments, Principal, USD",,,23,3
950,DT.AMT.DECT.CD.04.YR.US,"Ext. Debt Service Pmt, Public and Publicly Guar. Private Sector Ext. Debt, 4yrs, All instruments, Principal, USD",,,23,3
951,DT.AMT.DECT.CD.05.10.YR.US,"Ext. Debt Service Pmt, Public and Publicly Guar. Private Sector Ext. Debt, 5 to 10 yrs, All instruments, Principal, USD",,,23,3
952,DT.AMT.DECT.CD.05.YR.US,"Ext. Debt Service Pmt, Public and Publicly Guar. Private Sector Ext. Debt, 5yrs, All instruments, Principal, USD",,,23,3
953,DT.AMT.DECT.CD.07.09.MO.US,"Ext. Debt Service Pmt, Public and Publicly Guar. Private Sector Ext. Debt, 6 to 9 mo., All instruments, Principal, USD",,,23,3
954,DT.AMT.DECT.CD.0912.US,"Ext. Debt Service Pmt, All Sectors, More than 9 to 12, All instruments, Principal, USD",,,22,3
955,DT.AMT.DECT.CD.10.12.MO.US,"Ext. Debt Service Pmt, Public and Publicly Guar. Private Sector Ext. Debt, 9 to 12 mo., All instruments, Principal, USD",,,23,3
956,DT.AMT.DECT.CD.10.15.YR.US,"Ext. Debt Service Pmt, Public and Publicly Guar. Private Sector Ext. Debt, 10 to 15 yrs, All instruments, Principal, USD",,,23,3
957,DT.AMT.DECT.CD.1218.US,"Ext. Debt Service Pmt, All Sectors, More than 12 to 18, All instruments, Principal, USD",,,22,3
958,DT.AMT.DECT.CD.13.18.MO.US,"Ext. Debt Service Pmt, Public and Publicly Guar. Private Sector Ext. Debt, 12 to 18 mo., All instruments, Principal, USD",,,23,3
959,DT.AMT.DECT.CD.15.UP.YR.US,"Ext. Debt Service Pmt, Public and Publicly Guar. Private Sector Ext. Debt, More than15yrs, All instruments, Principal, USD",,,23,3
960,DT.AMT.DECT.CD.1824.US,"Ext. Debt Service Pmt, All Sectors, More than 18 to 24, All instruments, Principal, USD",,,22,3
961,DT.AMT.DECT.CD.19.24.MO.US,"Ext. Debt Service Pmt, Public and Publicly Guar. Private Sector Ext. Debt, 18 to 24 mo., All instruments, Principal, USD",,,23,3
962,DT.AMT.DECT.CD.24P.US,"Ext. Debt Service Pmt, All Sectors, More than 2yrs, All instruments, Principal, USD",,,22,3
963,DT.AMT.DECT.CD.36.US,"Ext. Debt Service Pmt, All Sectors, More than 3 to 6, All instruments, Principal, USD",,,22,3
964,DT.AMT.DECT.CD.69.US,"Ext. Debt Service Pmt, All Sectors, More than 6 to 9, All instruments, Principal, USD",,,22,3
965,DT.AMT.DECT.CD.AR.03.US,"Gross Ext. Debt Pmt, All Sectors, More than 0 to 3, All instruments, Principal, USD",,,22,3
966,DT.AMT.DECT.CD.AR.0912.US,"Gross Ext. Debt Pmt, All Sectors, More than 9 to 12, All instruments, Principal, USD",,,22,3
967,DT.AMT.DECT.CD.AR.1218.US,"Gross Ext. Debt Pmt, All Sectors, More than 12 to 18, All instruments, Principal, USD",,,22,3
968,DT.AMT.DECT.CD.AR.1824.US,"Gross Ext. Debt Pmt, All Sectors, More than 18 to 24, All instruments, Principal, USD",,,22,3
969,DT.AMT.DECT.CD.AR.24P.US,"Gross Ext. Debt Pmt, All Sectors, More than 2yrs, All instruments, Principal, USD",,,22,3
970,DT.AMT.DECT.CD.AR.36.US,"Gross Ext. Debt Pmt, All Sectors, More than 3 to 6, All instruments, Principal, USD",,,22,3
971,DT.AMT.DECT.CD.AR.69.US,"Gross Ext. Debt Pmt, All Sectors, More than 6 to 9, All instruments, Principal, USD",,,22,3
972,DT.AMT.DECT.CD.AR.IQ.US,"Gross Ext. Debt Pmt, All Sectors, Immediate, All instruments, Principal, USD",,,22,3
973,DT.AMT.DECT.CD.CB.03.US,"Ext. Debt Service Pmt, Deposit-Taking Corp., exc. CB, More than 0 to 3, All instruments, Principal, USD",,,22,3
974,DT.AMT.DECT.CD.CB.0912.US,"Ext. Debt Service Pmt, Deposit-Taking Corp., exc. CB, More than 9 to 12, All instruments, Principal, USD",,,22,3
975,DT.AMT.DECT.CD.CB.1218.US,"Ext. Debt Service Pmt, Deposit-Taking Corp., exc. CB, More than 12 to 18, All instruments, Principal, USD",,,22,3
976,DT.AMT.DECT.CD.CB.1824.US,"Ext. Debt Service Pmt, Deposit-Taking Corp., exc. CB, More than 18 to 24, All instruments, Principal, USD",,,22,3
977,DT.AMT.DECT.CD.CB.24P.US,"Ext. Debt Service Pmt, Deposit-Taking Corp., exc. CB, More than 2yrs, All instruments, Principal, USD",,,22,3
978,DT.AMT.DECT.CD.CB.36.US,"Ext. Debt Service Pmt, Deposit-Taking Corp., exc. CB, More than 3 to 6, All instruments, Principal, USD",,,22,3
979,DT.AMT.DECT.CD.CB.69.US,"Ext. Debt Service Pmt, Deposit-Taking Corp., exc. CB, More than 6 to 9, All instruments, Principal, USD",,,22,3
980,DT.AMT.DECT.CD.CB.IQ.US,"Ext. Debt Service Pmt, Deposit-Taking Corp., exc. CB, Immediate, All instruments, Principal, USD",,,22,3
981,DT.AMT.DECT.CD.CB.RM.US,"Gross Ext. Debt Pos., Deposit-Taking Corp., exc. CB, One year or less, All instruments, Principal, USD",,,22,3
982,DT.AMT.DECT.CD.GG.03.US,"Ext. Debt Service Pmt, General Government, More than 0 to 3, All instruments, Principal, USD",,,22,3
983,DT.AMT.DECT.CD.GG.0912.US,"Ext. Debt Service Pmt, General Government, More than 9 to 12, All instruments, Principal, USD",,,22,3
984,DT.AMT.DECT.CD.GG.1218.US,"Ext. Debt Service Pmt, General Government, More than 12 to 18, All instruments, Principal, USD",,,22,3
985,DT.AMT.DECT.CD.GG.1824.US,"Ext. Debt Service Pmt, General Government, More than 18 to 24, All instruments, Principal, USD",,,22,3
986,DT.AMT.DECT.CD.GG.24P.US,"Ext. Debt Service Pmt, General Government, More than 2yrs, All instruments, Principal, USD",,,22,3
987,DT.AMT.DECT.CD.GG.36.US,"Ext. Debt Service Pmt, General Government, More than 3 to 6, All instruments, Principal, USD",,,22,3
988,DT.AMT.DECT.CD.GG.69.US,"Ext. Debt Service Pmt, General Government, More than 6 to 9, All instruments, Principal, USD",,,22,3
989,DT.AMT.DECT.CD.GG.IQ.US,"Ext. Debt Service Pmt, General Government, Immediate, All instruments, Principal, USD",,,22,3
990,DT.AMT.DECT.CD.GG.RM.US,"Gross Ext. Debt Pos., General Government, One year or less, All instruments, Principal, USD",,,22,3
991,DT.AMT.DECT.CD.IL.03.US,"Ext. Debt Service Pmt, DI: Intercom Lending, More than 0 to 3, All instruments, Principal, USD",,,22,3
992,DT.AMT.DECT.CD.IL.0912.US,"Ext. Debt Service Pmt, DI: Intercom Lending, More than 9 to 12, All instruments, Principal, USD",,,22,3
993,DT.AMT.DECT.CD.IL.1218.US,"Ext. Debt Service Pmt, DI: Intercom Lending, More than 12 to 18, All instruments, Principal, USD",,,22,3
994,DT.AMT.DECT.CD.IL.1824.US,"Ext. Debt Service Pmt, DI: Intercom Lending, More than 18 to 24, All instruments, Principal, USD",,,22,3
995,DT.AMT.DECT.CD.IL.24P.US,"Ext. Debt Service Pmt, DI: Intercom Lending, More than 2yrs, All instruments, Principal, USD",,,22,3
996,DT.AMT.DECT.CD.IL.36.US,"Ext. Debt Service Pmt, DI: Intercom Lending, More than 3 to 6, All instruments, Principal, USD",,,22,3
997,DT.AMT.DECT.CD.IL.69.US,"Ext. Debt Service Pmt, DI: Intercom Lending, More than 6 to 9, All instruments, Principal, USD",,,22,3
998,DT.AMT.DECT.CD.IL.IQ.US,"Ext. Debt Service Pmt, DI: Intercom Lending, Immediate, All instruments, Principal, USD",,,22,3
999,DT.AMT.DECT.CD.IL.RM.US,"Gross Ext. Debt Pos., DI: Intercom Lending, One year or less, All instruments, Principal, USD",,,22,3
1000,DT.AMT.DECT.CD.IQ.00.US,"Ext. Debt Service Pmt, Public and Publicly Guar. Private Sector Ext. Debt, Immediately, All instruments, Principal, USD",,,23,3
